company_name,company_norm,rcid,top_first_job_count,latest_profile_count_proxy,in_excel_popular_list,excel_industry,hq_state,suggested_bucket,suggested_action,confidence,manual_decision,notes,top_major,top_school,source_tables
PricewaterhouseCoopers International Ltd.,pricewaterhousecoopers international ltd.,,260,0,0,,,consulting,review,high,1,exact mapping,Economics,University of Notre Dame,employer_target_review.csv; priority_unreviewed_employers.csv; priority_unreviewed_employers_prefilled.csv
"Amazon.com, Inc.","amazon.com, inc.",,222,0,1,Digital Commerce Services,Washington,tech,accept_if_sensible,high,1,exact target list match,,,employer_target_review.csv
Epic Systems Corp.,epic systems corp.,,163,0,0,,,tech,review,high,1,exact mapping,Engineering,University of Michigan,employer_target_review.csv; priority_unreviewed_employers.csv; priority_unreviewed_employers_prefilled.csv
"Bloomberg, Inc.","bloomberg, inc.",,126,0,0,,,finance,review,high,1,exact mapping,Engineering,University of Michigan,employer_target_review.csv; priority_unreviewed_employers.csv; priority_unreviewed_employers_prefilled.csv
KPMG International Cooperative,kpmg international cooperative,,125,0,0,,,consulting,review,high,1,exact mapping,Economics,University of California Berkeley,employer_target_review.csv; priority_unreviewed_employers.csv; priority_unreviewed_employers_prefilled.csv
"The Goldman Sachs Group, Inc.","goldman sachs group, inc.",,119,0,1,Financial Services,New York,finance,accept_if_sensible,high,1,exact target list match,,,employer_target_review.csv
"Blackstone, Inc.","blackstone, inc.",,110,0,0,,,finance,review,high,1,exact mapping,Missing,Cornell University,employer_target_review.csv; priority_unreviewed_employers.csv; priority_unreviewed_employers_prefilled.csv
Microsoft Corp.,microsoft corp.,,108,0,1,Information Technology Services,Washington,tech,accept_if_sensible,high,1,exact target list match,,,employer_target_review.csv
JPMorgan Chase & Co.,jpmorgan chase & co.,,104,0,1,Financial Services,New York,finance,accept_if_sensible,high,1,exact target list match,,,employer_target_review.csv
Alphasights Holdings Ltd.,alphasights holdings ltd.,,103,0,0,,,consulting,review,high,1,exact mapping,Missing,University of Michigan,employer_target_review.csv; priority_unreviewed_employers.csv; priority_unreviewed_employers_prefilled.csv
"BlackRock, Inc.","blackrock, inc.",,99,0,0,,,finance,review,high,1,exact mapping,Engineering,University of California Berkeley,employer_target_review.csv; priority_unreviewed_employers.csv; priority_unreviewed_employers_prefilled.csv
"Alphabet, Inc.","alphabet, inc.",,93,0,0,,,tech,accept_if_sensible,high,1,exact target list match,,,employer_target_review.csv
"The Boston Consulting Group, Inc.","boston consulting group, inc.",,91,0,1,Consulting and Advisory Services,Massachusetts,consulting,review,medium,1,consulting keyword: \bconsult,,,employer_target_review.csv
The Walt Disney Co.,walt disney co.,,91,0,0,,,other_or_review,review,low,1,no rule match,Missing,University of California Berkeley,employer_target_review.csv; priority_unreviewed_employers.csv; priority_unreviewed_employers_prefilled.csv
"Cornerstone Research, Inc.","cornerstone research, inc.",,82,0,0,,,consulting,review,high,1,exact mapping,Economics,University of Michigan,employer_target_review.csv; priority_unreviewed_employers.csv; priority_unreviewed_employers_prefilled.csv
UBS Group AG,ubs group ag,,80,0,0,,,finance,review,high,1,exact mapping,Economics,Cornell University,employer_target_review.csv; priority_unreviewed_employers.csv; priority_unreviewed_employers_prefilled.csv
Lockheed Martin Corp.,lockheed martin corp.,,74,0,0,,,other_or_review,review,low,1,no rule match,Engineering,University of Michigan,employer_target_review.csv; priority_unreviewed_employers.csv; priority_unreviewed_employers_prefilled.csv
RTX Corp.,rtx corp.,,74,0,0,,,other_or_review,review,low,1,no rule match,Engineering,University of Michigan,employer_target_review.csv; priority_unreviewed_employers.csv; priority_unreviewed_employers_prefilled.csv
Capital One Financial Corp.,capital one financial corp.,,73,0,1,Financial Services,Virginia,finance,accept_if_sensible,high,1,exact target list match,,,employer_target_review.csv
"Meta Platforms, Inc.","meta platforms, inc.",,73,0,0,,,tech,accept_if_sensible,high,1,exact target list match,,,employer_target_review.csv
"Netflix, Inc.","netflix, inc.",,72,0,0,,,tech,review,high,1,exact mapping,Engineering,University of California Berkeley,employer_target_review.csv; priority_unreviewed_employers.csv; priority_unreviewed_employers_prefilled.csv
Comcast Corp.,comcast corp.,,69,0,0,,,other_or_review,review,low,1,no rule match,Missing,University of Michigan,employer_target_review.csv; priority_unreviewed_employers.csv; priority_unreviewed_employers_prefilled.csv
Roblox Corp.,roblox corp.,,66,0,0,,,tech,review,high,1,exact mapping,Engineering,University of California Berkeley,employer_target_review.csv; priority_unreviewed_employers.csv; priority_unreviewed_employers_prefilled.csv
Federal Reserve System,federal reserve system,,64,0,0,,,other_or_review,review,low,1,no rule match,Economics,Columbia University in the City of New York,employer_target_review.csv; priority_unreviewed_employers.csv; priority_unreviewed_employers_prefilled.csv
"DoorDash, Inc.","doordash, inc.",,59,0,0,,,other_or_review,review,low,1,no rule match,Engineering,University of California Berkeley,employer_target_review.csv; priority_unreviewed_employers.csv; priority_unreviewed_employers_prefilled.csv
Bank of America Corp.,bank of america corp.,,57,0,1,Financial Services,North Carolina,finance,review,medium,1,finance keyword: \bbank\b,,,employer_target_review.csv
Atlassian Corp.,atlassian corp.,,56,0,0,,,other_or_review,review,low,1,no rule match,Engineering,University of California Berkeley,employer_target_review.csv; priority_unreviewed_employers.csv; priority_unreviewed_employers_prefilled.csv
Intel Corp.,intel corp.,,52,0,0,,,other_or_review,review,low,1,no rule match,Engineering,University of California Berkeley,employer_target_review.csv; priority_unreviewed_employers.csv; priority_unreviewed_employers_prefilled.csv
Guggenheim Capital LLC,guggenheim capital llc,,47,0,0,,,finance,review,medium,1,finance keyword: \bcapital\b,Economics,Cornell University,employer_target_review.csv; priority_unreviewed_employers.csv; priority_unreviewed_employers_prefilled.csv
"Databricks, Inc.","databricks, inc.",,47,0,0,,,other_or_review,review,low,1,no rule match,Engineering,University of California Berkeley,employer_target_review.csv; priority_unreviewed_employers.csv; priority_unreviewed_employers_prefilled.csv
"Berkshire Hathaway, Inc.","berkshire hathaway, inc.",,45,0,0,,,other_or_review,review,low,1,no rule match,Engineering,University of Michigan,employer_target_review.csv; priority_unreviewed_employers.csv; priority_unreviewed_employers_prefilled.csv
"Datadog, Inc.","datadog, inc.",,44,0,0,,,other_or_review,review,low,1,no rule match,Engineering,University of California Berkeley,employer_target_review.csv; priority_unreviewed_employers.csv; priority_unreviewed_employers_prefilled.csv
"Veeva Systems, Inc.","veeva systems, inc.",,44,0,0,,,tech,review,medium,1,tech keyword: \bsystems\b,Engineering,University of California Berkeley,employer_target_review.csv; priority_unreviewed_employers.csv; priority_unreviewed_employers_prefilled.csv
TikTok USDS Joint Venture LLC,tiktok usds joint venture llc,,44,0,0,,,other_or_review,review,low,1,no rule match,Engineering,University of California Berkeley,employer_target_review.csv; priority_unreviewed_employers.csv; priority_unreviewed_employers_prefilled.csv
Imc Global Holdings LLC,imc global holdings llc,,43,0,0,,,other_or_review,review,low,1,no rule match,Engineering,University of Michigan,employer_target_review.csv; priority_unreviewed_employers.csv; priority_unreviewed_employers_prefilled.csv
Point72 Capital Holdings LP,point72 capital holdings lp,,42,0,0,,,finance,review,medium,1,finance keyword: \bcapital\b,Engineering,Columbia University in the City of New York,employer_target_review.csv; priority_unreviewed_employers.csv; priority_unreviewed_employers_prefilled.csv
"KKR & Co., Inc.","kkr & co., inc.",,42,0,0,,,other_or_review,review,low,1,no rule match,Economics,Cornell University,employer_target_review.csv; priority_unreviewed_employers.csv; priority_unreviewed_employers_prefilled.csv
"ServiceNow, Inc.","servicenow, inc.",,40,0,0,,,other_or_review,review,low,1,no rule match,Engineering,University of California Berkeley,employer_target_review.csv; priority_unreviewed_employers.csv; priority_unreviewed_employers_prefilled.csv
Centerview Partners Advisory Holdings LLC,centerview partners advisory holdings llc,,40,0,0,,,consulting,review,medium,1,consulting keyword: \badvis,Economics,Wharton School of Business at University of Pennsylvania,employer_target_review.csv; priority_unreviewed_employers.csv; priority_unreviewed_employers_prefilled.csv
J.P. Morgan Private Bank,j.p. morgan private bank,,40,0,0,,,finance,review,medium,1,finance keyword: \bbank\b,Economics,University of Notre Dame,employer_target_review.csv; priority_unreviewed_employers.csv; priority_unreviewed_employers_prefilled.csv
"Duolingo, Inc.","duolingo, inc.",,38,0,0,,,other_or_review,review,low,1,no rule match,Engineering,University of California Berkeley,employer_target_review.csv; priority_unreviewed_employers.csv; priority_unreviewed_employers_prefilled.csv
D. E. Shaw & Co. LP,d. e. shaw & co. lp,,37,0,0,,,other_or_review,review,low,1,no rule match,Missing,Yale University,employer_target_review.csv; priority_unreviewed_employers.csv; priority_unreviewed_employers_prefilled.csv
L.E.K. Consulting Group Ltd.,l.e.k. consulting group ltd.,,37,0,0,,,consulting,review,medium,1,consulting keyword: \bconsult,Economics,University of Pennsylvania,employer_target_review.csv; priority_unreviewed_employers.csv; priority_unreviewed_employers_prefilled.csv
"Huron Consulting Group, Inc.","huron consulting group, inc.",,32,0,0,,,consulting,review,high,1,exact mapping,Missing,Dartmouth College,employer_target_review.csv; priority_unreviewed_employers_batch2.csv
"Mizuho Financial Group, Inc.","mizuho financial group, inc.",,32,0,0,,,finance,review,high,1,exact mapping,Economics,Northwestern University,employer_target_review.csv; priority_unreviewed_employers_batch2.csv
Texas Instruments Incorporated,texas instruments incorporated,,32,0,0,,,tech,review,high,1,exact mapping,Engineering,University of Michigan,employer_target_review.csv; priority_unreviewed_employers_batch2.csv
ASML Holding NV,asml holding nv,,31,0,0,,,tech,review,high,1,exact mapping,Engineering,Cornell University,employer_target_review.csv; priority_unreviewed_employers_batch2.csv
Moelis & Co.,moelis & co.,,31,0,0,,,finance,review,high,1,exact mapping,Economics,Northwestern University,employer_target_review.csv; priority_unreviewed_employers_batch2.csv
Perella Weinberg Partners,perella weinberg partners,,31,0,0,,,finance,review,high,1,exact mapping,Economics,Wharton School of Business at University of Pennsylvania,employer_target_review.csv; priority_unreviewed_employers_batch2.csv
The Toronto-Dominion Bank,toronto-dominion bank,,31,0,0,,,finance,review,medium,1,finance keyword: \bbank\b,Economics,University of Pennsylvania,employer_target_review.csv; priority_unreviewed_employers_batch2.csv
Aon Plc,aon plc,,30,0,0,,,consulting,review,high,1,exact mapping,Missing,University of Michigan,employer_target_review.csv; priority_unreviewed_employers_batch2.csv
HRT Capital LLC,hrt capital llc,,30,0,0,,,finance,review,medium,1,finance keyword: \bcapital\b,Engineering,Massachusetts Institute of Technology,employer_target_review.csv; priority_unreviewed_employers_batch2.csv
"Scale AI, Inc.","scale ai, inc.",,30,0,0,,,tech,review,high,1,exact mapping,Engineering,University of California Berkeley,employer_target_review.csv; priority_unreviewed_employers_batch2.csv
Bridgewater Associates Holdings LLC,bridgewater associates holdings llc,,29,0,0,,,other_or_review,review,low,1,no rule match,Missing,Yale University,employer_target_review.csv; priority_unreviewed_employers_batch2.csv
"Raymond James Financial, Inc.","raymond james financial, inc.",,29,0,0,,,finance,review,medium,1,finance keyword: \bfinancial\b,Economics,Wharton School of Business at University of Pennsylvania,employer_target_review.csv; priority_unreviewed_employers_batch2.csv
Bain Capital Holdings LP,bain capital holdings lp,,27,0,0,,,finance,review,medium,1,finance keyword: \bcapital\b,Missing,Wharton School of Business at University of Pennsylvania,employer_target_review.csv; priority_unreviewed_employers_batch2.csv
Five Rings LLC,five rings llc,,27,0,0,,,other_or_review,review,low,1,no rule match,Engineering,Massachusetts Institute of Technology,employer_target_review.csv; priority_unreviewed_employers_batch2.csv
The Bank of New York Mellon Corp.,bank of new york mellon corp.,,27,0,0,,,finance,review,medium,1,finance keyword: \bbank\b,Engineering,Columbia University in the City of New York,employer_target_review.csv; priority_unreviewed_employers_batch2.csv
"Philadelphia Trading, Inc.","philadelphia trading, inc.",,26,0,0,,,quant,review,medium,1,quant keyword: \btrading\b,Engineering,Cornell University,employer_target_review.csv; priority_unreviewed_employers_batch2.csv
"L3Harris Technologies, Inc.","l3harris technologies, inc.",,24,0,0,,,tech,review,medium,1,tech keyword: \btechnolog,Engineering,Cornell University,employer_target_review.csv; priority_unreviewed_employers_batch2.csv
Stifel Financial Corp.,stifel financial corp.,,24,0,0,,,finance,review,medium,1,finance keyword: \bfinancial\b,Economics,Brown University,employer_target_review.csv; priority_unreviewed_employers_batch2.csv
Bank of Montreal,bank of montreal,,23,0,0,,,finance,review,medium,1,finance keyword: \bbank\b,Business,University of Notre Dame,employer_target_review.csv; priority_unreviewed_employers_batch2.csv
"FTI Consulting, Inc.","fti consulting, inc.",,23,0,0,,,consulting,review,medium,1,consulting keyword: \bconsult,Economics,University of Chicago,employer_target_review.csv; priority_unreviewed_employers_batch2.csv
Jump Financial LLC,jump financial llc,,23,0,0,,,finance,review,medium,1,finance keyword: \bfinancial\b,Engineering,Massachusetts Institute of Technology,employer_target_review.csv; priority_unreviewed_employers_batch2.csv
"The Vanguard Group, Inc.","vanguard group, inc.",,23,0,0,,,other_or_review,review,low,1,no rule match,Engineering,University of Pennsylvania,employer_target_review.csv; priority_unreviewed_employers_batch2.csv
"C3.ai, Inc.","c3.ai, inc.",,22,0,0,,,tech,review,medium,1,tech keyword: \bai\b,Engineering,University of California Berkeley,employer_target_review.csv; priority_unreviewed_employers_batch2.csv
"Mitsubishi UFJ Financial Group, Inc.","mitsubishi ufj financial group, inc.",,22,0,0,,,finance,review,medium,1,finance keyword: \bfinancial\b,Economics,Cornell University,employer_target_review.csv; priority_unreviewed_employers_batch2.csv
"MongoDB, Inc.","mongodb, inc.",,22,0,0,,,other_or_review,review,low,1,no rule match,Engineering,Princeton University,employer_target_review.csv; priority_unreviewed_employers_batch2.csv
"Sumitomo Mitsui Financial Group, Inc.","sumitomo mitsui financial group, inc.",,22,0,0,,,finance,review,medium,1,finance keyword: \bfinancial\b,Economics,Columbia University in the City of New York,employer_target_review.csv; priority_unreviewed_employers_batch2.csv
"Applied Intuition, Inc.","applied intuition, inc.",,21,0,0,,,other_or_review,review,low,1,no rule match,Engineering,University of California Berkeley,employer_target_review.csv; priority_unreviewed_employers_batch2.csv
"Coinbase Global, Inc.","coinbase global, inc.",,21,0,0,,,other_or_review,review,low,1,no rule match,Engineering,University of California Berkeley,employer_target_review.csv; priority_unreviewed_employers_batch2.csv
MD Investment LLC,md investment llc,,21,0,0,,,finance,review,medium,1,finance keyword: \binvest,Economics,University of California Berkeley,employer_target_review.csv; priority_unreviewed_employers_batch2.csv
"Prudential Financial, Inc.","prudential financial, inc.",,21,0,0,,,finance,review,medium,1,finance keyword: \bfinancial\b,Economics,Cornell University,employer_target_review.csv; priority_unreviewed_employers_batch2.csv
"Baird Financial Group, Inc.","baird financial group, inc.",,20,0,0,,,finance,review,medium,1,finance keyword: \bfinancial\b,Business,University of Notre Dame,employer_target_review.csv; priority_unreviewed_employers_batch2.csv
"Cadence Design Systems, Inc.","cadence design systems, inc.",,18,0,0,,,tech,review,medium,1,tech keyword: \bsystems?\b,Engineering,University of California Berkeley,employer_target_review.csv; priority_unreviewed_employers_batch2.csv
"Figma, Inc.","figma, inc.",,18,0,0,,,other_or_review,review,low,1,no rule match,Engineering,University of California Berkeley,employer_target_review.csv; priority_unreviewed_employers_batch2.csv
Truist Financial Corp.,truist financial corp.,,18,0,0,,,finance,review,medium,1,finance keyword: \bfinancial\b,Economics,University of Notre Dame,employer_target_review.csv; priority_unreviewed_employers_batch2.csv
"Snowflake, Inc.","snowflake, inc.",,17,0,0,,,other_or_review,review,low,1,no rule match,Engineering,University of California Berkeley,employer_target_review.csv; priority_unreviewed_employers_batch2.csv
Trinity Partners LLC,trinity partners llc,,17,0,0,,,finance,review,medium,1,finance keyword: \bpartners\b,Missing,Dartmouth College,employer_target_review.csv; priority_unreviewed_employers_batch2.csv
"Dell Technologies, Inc.","dell technologies, inc.",,16,0,0,,,tech,review,medium,1,tech keyword: \btechnolog,Engineering,University of Michigan,employer_target_review.csv; priority_unreviewed_employers_batch2.csv
"PayPal Holdings, Inc.","paypal holdings, inc.",,16,0,0,,,other_or_review,review,low,1,no rule match,Engineering,University of California Berkeley,employer_target_review.csv; priority_unreviewed_employers_batch2.csv
ByteDance Ltd. (Cayman Islands),bytedance ltd. (cayman islands),,14,0,0,,,other_or_review,review,low,1,no rule match,Engineering,University of Michigan,employer_target_review.csv; priority_unreviewed_employers_batch2.csv
"Expedia Group, Inc.","expedia group, inc.",,14,0,0,,,other_or_review,review,low,1,no rule match,Engineering,University of California Berkeley,employer_target_review.csv; priority_unreviewed_employers_batch2.csv
Accenture Plc,accenture plc,1230770.0,0,0,1,IT Consulting Services,Leinster,consulting,accept_if_sensible,high,1,exact target list match,,,employer_target_review.csv
"Adobe, Inc.","adobe, inc.",766625.0,0,0,1,Information Technology Services,California,tech,accept_if_sensible,high,1,exact target list match,,,employer_target_review.csv
American Express Co.,american express co.,1104097.0,0,0,1,Information Technology Services,New York,finance,accept_if_sensible,high,1,exact target list match,,,employer_target_review.csv
"Apollo Global Management, Inc.","apollo global management, inc.",21048147.0,0,0,1,Financial Services,New York,finance,accept_if_sensible,high,1,exact target list match,,,employer_target_review.csv
"Apple, Inc.","apple, inc.",1232095.0,0,0,1,Electronics Manufacturing,California,tech,accept_if_sensible,high,1,exact target list match,,,employer_target_review.csv
"AT&T, Inc.","at&t, inc.",97840.0,0,0,1,Telecommunications Services,Texas,other_or_review,review,low,1,no exact match or sector keyword,,,employer_target_review.csv
"Bain & Co., Inc.","bain & co., inc.",1266369.0,0,0,1,Consulting and Advisory Services,Massachusetts,other_or_review,review,low,1,no exact match or sector keyword,,,employer_target_review.csv
Bain Capital LP,bain capital lp,675214.0,0,0,1,Financial Services,Massachusetts,finance,review,medium,1,finance keyword: \bcapital\b,,,employer_target_review.csv
Balyasny Asset Management LP,balyasny asset management lp,41000.0,0,0,1,Financial Services,Illinois,finance,review,medium,1,finance keyword: \basset\b,,,employer_target_review.csv
Barclays PLC,barclays plc,22151194.0,0,0,1,Financial Services,England,other_or_review,review,low,1,no exact match or sector keyword,,,employer_target_review.csv
"BlackRock Finance, Inc.","blackrock finance, inc.",1144595.0,0,0,1,Financial Services,New York,other_or_review,review,low,1,no exact match or sector keyword,,,employer_target_review.csv
Blue Origin Washington LLC,blue origin washington llc,136845.0,0,0,1,Energy and Resources,Washington,other_or_review,review,low,1,no exact match or sector keyword,,,employer_target_review.csv
BNP Paribas SA,bnp paribas sa,792141.0,0,0,1,Financial Services,Ile-de-France,other_or_review,review,low,1,no exact match or sector keyword,,,employer_target_review.csv
Bristol Myers Squibb Co.,bristol myers squibb co.,1122234.0,0,0,1,Pharmaceuticals,New Jersey,other_or_review,review,low,1,no exact match or sector keyword,,,employer_target_review.csv
"The Capital Group Cos., Inc.","capital group cos., inc.",826397.0,0,0,1,Financial Services,California,finance,review,medium,1,finance keyword: \bcapital\b,,,employer_target_review.csv
"Caterpillar, Inc.","caterpillar, inc.",1047983.0,0,0,1,Energy and Resources,Texas,other_or_review,review,low,1,no exact match or sector keyword,,,employer_target_review.csv
"CenterPoint Energy, Inc.","centerpoint energy, inc.",445083.0,0,0,1,Energy and Resources,Texas,other_or_review,review,low,1,no exact match or sector keyword,,,employer_target_review.csv
Chevron Corp.,chevron corp.,635563.0,0,0,1,Energy and Resources,Texas,other_or_review,review,low,1,no exact match or sector keyword,,,employer_target_review.csv
"Choice Hotels International, Inc.","choice hotels international, inc.",22144010.0,0,0,1,Hospitality and Tourism Management,Maryland,other_or_review,review,low,1,no exact match or sector keyword,,,employer_target_review.csv
"Cisco Systems, Inc.","cisco systems, inc.",1400574.0,0,0,1,Information Technology Services,California,tech,review,medium,1,tech keyword: \bsystems\b,,,employer_target_review.csv
"Citigroup, Inc.","citigroup, inc.",267301.0,0,0,1,Financial Services,New York,other_or_review,review,low,1,no exact match or sector keyword,,,employer_target_review.csv
Deloitte LLP (New York),deloitte llp (new york),20937770.0,0,0,1,Consulting and Advisory Services,New York,other_or_review,review,low,1,no exact match or sector keyword,,,employer_target_review.csv
Deutsche Bank AG,deutsche bank ag,532877.0,0,0,1,Financial Services,Hesse,finance,review,medium,1,finance keyword: \bbank\b,,,employer_target_review.csv
"Doximity, Inc.","doximity, inc.",1416523.0,0,0,1,Biotech and Healthcare Services,California,other_or_review,review,low,1,no exact match or sector keyword,,,employer_target_review.csv
Ernst & Young Global Ltd.,ernst & young global ltd.,1301557.0,0,0,1,Consulting and Advisory Services,England,other_or_review,review,low,1,no exact match or sector keyword,,,employer_target_review.csv
"Evercore, Inc.","evercore, inc.",22148155.0,0,0,1,Financial Services,New York,other_or_review,review,low,1,no exact match or sector keyword,,,employer_target_review.csv
Exxon Mobil Corp.,exxon mobil corp.,912348.0,0,0,1,Energy and Resources,Texas,other_or_review,review,low,1,no exact match or sector keyword,,,employer_target_review.csv
Ford Motor Co.,ford motor co.,860320.0,0,0,1,Automotive Services,Michigan,other_or_review,review,low,1,no exact match or sector keyword,,,employer_target_review.csv
General Motors Co.,general motors co.,1398143.0,0,0,1,Automotive Services,Michigan,other_or_review,review,low,1,no exact match or sector keyword,,,employer_target_review.csv
Google LLC,google llc,233459.0,0,0,1,Digital Commerce Services,California,other_or_review,review,low,1,no exact match or sector keyword,,,employer_target_review.csv
Infosys Ltd.,infosys ltd.,809141.0,0,0,1,IT Consulting Services,Karnataka,other_or_review,review,low,1,no exact match or sector keyword,,,employer_target_review.csv
"Intuit, Inc.","intuit, inc.",1050907.0,0,0,1,Information Technology Services,California,other_or_review,review,low,1,no exact match or sector keyword,,,employer_target_review.csv
"Jefferies Financial Group, Inc.","jefferies financial group, inc.",22142421.0,0,0,1,Financial Services,New York,finance,review,medium,1,finance keyword: \bfinancial\b,,,employer_target_review.csv
Deere & Co.,deere & co.,1235260.0,0,0,1,Industrial Manufacturing,Illinois,other_or_review,review,low,1,no exact match or sector keyword,,,employer_target_review.csv
"KKR Group Co., Inc.","kkr group co., inc.",786785.0,0,0,1,Financial Services,New York,other_or_review,review,low,1,no exact match or sector keyword,,,employer_target_review.csv
KPMG LLP,kpmg llp,690100.0,0,0,1,Consulting and Advisory Services,New York,consulting,accept_if_sensible,high,1,exact target list match,,,employer_target_review.csv
"Mastercard, Inc.","mastercard, inc.",7963787.0,0,0,1,Information Technology Services,New York,other_or_review,review,low,1,no exact match or sector keyword,,,employer_target_review.csv
"McKinsey & Co., Inc.","mckinsey & co., inc.",22150963.0,0,0,1,Consulting and Advisory Services,New York,other_or_review,review,low,1,no exact match or sector keyword,,,employer_target_review.csv
Morgan Stanley,morgan stanley,1485785.0,0,0,1,Financial Services,New York,finance,accept_if_sensible,high,1,exact target list match,,,employer_target_review.csv
Northrop Grumman Corp.,northrop grumman corp.,851738.0,0,0,1,Aerospace and Defense,Virginia,other_or_review,review,low,1,no exact match or sector keyword,,,employer_target_review.csv
NVIDIA Corp.,nvidia corp.,1223555.0,0,0,1,Electronics Manufacturing,California,other_or_review,review,low,1,no exact match or sector keyword,,,employer_target_review.csv
"Oliver Wyman, Inc.","oliver wyman, inc.",700308.0,0,0,1,Consulting and Advisory Services,New York,other_or_review,review,low,1,no exact match or sector keyword,,,employer_target_review.csv
Oracle Corp.,oracle corp.,472640.0,0,0,1,Information Technology Services,Texas,other_or_review,review,low,1,no exact match or sector keyword,,,employer_target_review.csv
"Palantir Technologies, Inc.","palantir technologies, inc.",1010813.0,0,0,1,Information Technology Services,Florida,tech,review,medium,1,tech keyword: \btechnolog,,,employer_target_review.csv
"PepsiCo, Inc.","pepsico, inc.",1112079.0,0,0,1,Food and Beverage,New York,other_or_review,review,low,1,no exact match or sector keyword,,,employer_target_review.csv
"The PNC Financial Services Group, Inc.","pnc financial services group, inc.",22142569.0,0,0,1,Financial Services,Pennsylvania,finance,review,medium,1,finance keyword: \bfinancial\b,,,employer_target_review.csv
"Rivian Automotive, Inc.","rivian automotive, inc.",22237205.0,0,0,1,Automotive Services,California,other_or_review,review,low,1,no exact match or sector keyword,,,employer_target_review.csv
Royal Bank Of Canada,royal bank of canada,5959773.0,0,0,1,,Professional Development Services,finance,review,medium,1,finance keyword: \bbank\b,,,employer_target_review.csv
"Salesforce, Inc.","salesforce, inc.",115177.0,0,0,1,Information Technology Services,California,other_or_review,review,low,1,no exact match or sector keyword,,,employer_target_review.csv
"Samsung Electronics Co., Ltd.","samsung electronics co., ltd.",1032978.0,0,0,1,Electronics Manufacturing,Gyeonggi-do,other_or_review,review,low,1,no exact match or sector keyword,,,employer_target_review.csv
Sanofi,sanofi,462023.0,0,0,1,Pharmaceuticals,Ile-de-France,other_or_review,review,low,1,no exact match or sector keyword,,,employer_target_review.csv
"Santander Bank, NA (Wilmington, Delaware)","santander bank, na (wilmington, delaware)",1502483.0,0,0,1,Financial Services,Delaware,finance,review,medium,1,finance keyword: \bbank\b,,,employer_target_review.csv
Shell Plc,shell plc,347298.0,0,0,1,Energy and Resources,England,other_or_review,review,low,1,no exact match or sector keyword,,,employer_target_review.csv
Siemens AG,siemens ag,1314485.0,0,0,1,Energy and Resources,Bavaria,other_or_review,review,low,1,no exact match or sector keyword,,,employer_target_review.csv
Silver Lake Management Co. LLC,silver lake management co. llc,618378.0,0,0,1,Financial Services,California,other_or_review,review,low,1,no exact match or sector keyword,,,employer_target_review.csv
"Snap, Inc.","snap, inc.",692801.0,0,0,1,Digital Commerce Services,California,other_or_review,review,low,1,no exact match or sector keyword,,,employer_target_review.csv
"SoFi Technologies, Inc.","sofi technologies, inc.",21048180.0,0,0,1,Information Technology Services,California,tech,review,medium,1,tech keyword: \btechnolog,,,employer_target_review.csv
Space Exploration Technologies Corp.,space exploration technologies corp.,1012186.0,0,0,1,Aerospace and Defense,California,tech,review,medium,1,tech keyword: \btechnolog,,,employer_target_review.csv
"S&P Global, Inc.","s&p global, inc.",296301.0,0,0,1,Financial Services,New York,other_or_review,review,low,1,no exact match or sector keyword,,,employer_target_review.csv
"Stripe, Inc.","stripe, inc.",906508.0,0,0,1,Information Technology Services,California,tech,accept_if_sensible,high,1,exact target list match,,,employer_target_review.csv
"Tesla, Inc.","tesla, inc.",803508.0,0,0,1,Energy and Resources,Texas,other_or_review,review,low,1,no exact match or sector keyword,,,employer_target_review.csv
"The Trade Desk, Inc.","trade desk, inc.",832518.0,0,0,1,Digital Commerce Services,California,other_or_review,review,low,1,no exact match or sector keyword,,,employer_target_review.csv
"Uber Technologies, Inc.","uber technologies, inc.",500864.0,0,0,1,Digital Commerce Services,California,tech,review,medium,1,tech keyword: \btechnolog,,,employer_target_review.csv
UBS AG,ubs ag,560872.0,0,0,1,Financial Services,Zurich,other_or_review,review,low,1,no exact match or sector keyword,,,employer_target_review.csv
"Verizon Communications, Inc.","verizon communications, inc.",20921455.0,0,0,1,Telecommunications Services,New York,other_or_review,review,low,1,no exact match or sector keyword,,,employer_target_review.csv
"Visa, Inc.","visa, inc.",1058117.0,0,0,1,Information Technology Services,California,other_or_review,review,low,1,no exact match or sector keyword,,,employer_target_review.csv
Wells Fargo & Co.,wells fargo & co.,1191500.0,0,0,1,Financial Services,California,other_or_review,review,low,1,no exact match or sector keyword,,,employer_target_review.csv
Akuna Securities LLC,akuna securities llc,26990604.0,0,0,1,,,finance,review,medium,1,finance keyword: \bsecurities\b,,,employer_target_review.csv
AQR Capital Management LLC,aqr capital management llc,857329.0,0,0,1,,,finance,review,medium,1,finance keyword: \bcapital\b,,,employer_target_review.csv
Bridgewater Associates LP,bridgewater associates lp,211728.0,0,0,1,,,other_or_review,review,low,1,no exact match or sector keyword,,,employer_target_review.csv
Citadel Enterprise Americas LLC,citadel enterprise americas llc,1495198.0,0,0,1,,,other_or_review,review,low,1,no exact match or sector keyword,,,employer_target_review.csv
Citadel Securities LLC,citadel securities llc,98807897.0,0,0,1,,,quant,accept_if_sensible,high,1,exact target list match,,,employer_target_review.csv
DRW Holdings LLC,drw holdings llc,23458589.0,0,0,1,,,other_or_review,review,low,1,no exact match or sector keyword,,,employer_target_review.csv
Flow Traders BV,flow traders bv,356719.0,0,0,1,,,other_or_review,review,low,1,no exact match or sector keyword,,,employer_target_review.csv
Hudson River Trading LLC,hudson river trading llc,1406919.0,0,0,1,,,quant,accept_if_sensible,high,1,exact target list match,,,employer_target_review.csv
IMC Trading BV,imc trading bv,915003.0,0,0,1,,,quant,review,medium,1,quant keyword: \btrading\b,,,employer_target_review.csv
Jane Street Group LLC,jane street group llc,22150778.0,0,0,1,,,other_or_review,review,low,1,no exact match or sector keyword,,,employer_target_review.csv
Jump Trading LLC,jump trading llc,77744.0,0,0,1,,,quant,review,medium,1,quant keyword: \btrading\b,,,employer_target_review.csv
Millennium Management LLC,millennium management llc,818770.0,0,0,1,,,other_or_review,review,low,1,no exact match or sector keyword,,,employer_target_review.csv
Optiver Holding BV,optiver holding bv,946155.0,0,0,1,,,other_or_review,review,low,1,no exact match or sector keyword,,,employer_target_review.csv
Point72 LP,point72 lp,8062190.0,0,0,1,,,other_or_review,review,low,1,no exact match or sector keyword,,,employer_target_review.csv
Two Sigma Investments LP,two sigma investments lp,1245348.0,0,0,1,,,finance,review,medium,1,finance keyword: \binvest,,,employer_target_review.csv
University of California,university of california,,402,0,0,,,exclude,accept_if_sensible,high,0,exclude pattern: \buniversity\b,,,employer_target_review.csv
University of Michigan,university of michigan,,337,0,0,,,exclude,accept_if_sensible,high,0,exclude pattern: \buniversity\b,,,employer_target_review.csv
Harvard University,harvard university,,260,0,0,,,exclude,review,high,0,exclude pattern: \buniversity\b,Missing,Harvard University,employer_target_review.csv; priority_unreviewed_employers.csv; priority_unreviewed_employers_prefilled.csv
Government of the United States of America,government of the united states of america,,245,0,0,,,exclude,accept_if_sensible,high,0,exclude pattern: \bgovernment\b,,,employer_target_review.csv
The Johns Hopkins University,johns hopkins university,,235,0,0,,,exclude,review,high,0,exclude pattern: \buniversity\b,Missing,Johns Hopkins University,employer_target_review.csv; priority_unreviewed_employers.csv; priority_unreviewed_employers_prefilled.csv
Cornell University,cornell university,,213,0,0,,,exclude,accept_if_sensible,high,0,exclude pattern: \buniversity\b,,,employer_target_review.csv
"Mass General Brigham, Inc.","mass general brigham, inc.",,161,0,0,,,other_or_review,review,low,0,no rule match,Missing,Cornell University,employer_target_review.csv; priority_unreviewed_employers.csv; priority_unreviewed_employers_prefilled.csv
The Trustees of Columbia University in The City of New York,trustees of columbia university in the city of new york,,157,0,0,,,exclude,accept_if_sensible,high,0,exclude pattern: \buniversity\b,,,employer_target_review.csv
Princeton University,princeton university,,142,0,0,,,exclude,review,high,0,exclude pattern: \buniversity\b,Engineering,Princeton University,employer_target_review.csv; priority_unreviewed_employers.csv; priority_unreviewed_employers_prefilled.csv
Stanford University,stanford university,,128,0,0,,,exclude,accept_if_sensible,high,0,exclude pattern: \buniversity\b,,,employer_target_review.csv
University of Pennsylvania,university of pennsylvania,,119,0,0,,,exclude,accept_if_sensible,high,0,exclude pattern: \buniversity\b,,,employer_target_review.csv
Northwestern University,northwestern university,,102,0,0,,,exclude,accept_if_sensible,high,0,exclude pattern: \buniversity\b,,,employer_target_review.csv
"Teach For America, Inc.","teach for america, inc.",,95,0,0,,,other_or_review,review,low,0,no rule match,Missing,University of Pennsylvania,employer_target_review.csv; priority_unreviewed_employers.csv; priority_unreviewed_employers_prefilled.csv
Washington University in St. Louis,washington university in st. louis,,90,0,0,,,exclude,accept_if_sensible,high,0,exclude pattern: \buniversity\b,,,employer_target_review.csv
"Marsh & McLennan Cos., Inc.","marsh & mclennan cos., inc.",,90,0,0,,,other_or_review,review,low,0,no rule match,Missing,University of California Berkeley,employer_target_review.csv; priority_unreviewed_employers.csv; priority_unreviewed_employers_prefilled.csv
New York University,new york university,,89,0,0,,,exclude,review,high,0,exclude pattern: \buniversity\b,Missing,University of Michigan,employer_target_review.csv; priority_unreviewed_employers.csv; priority_unreviewed_employers_prefilled.csv
The University of Chicago,university of chicago,,87,0,0,,,exclude,accept_if_sensible,high,0,exclude pattern: \buniversity\b,,,employer_target_review.csv
Massachusetts Institute of Technology,massachusetts institute of technology,,87,0,0,,,exclude,accept_if_sensible,high,0,exclude pattern: \binstitute\b,,,employer_target_review.csv
State of California,state of california,,84,0,0,,,exclude,review,high,0,exclude pattern: \bstate of\b,Missing,University of California Berkeley,employer_target_review.csv; priority_unreviewed_employers.csv; priority_unreviewed_employers_prefilled.csv
Vanderbilt University,vanderbilt university,,83,0,0,,,exclude,accept_if_sensible,high,0,exclude pattern: \buniversity\b,,,employer_target_review.csv
The University of Texas System,university of texas system,,77,0,0,,,exclude,review,high,0,exclude pattern: \buniversity\b,Missing,Rice University,employer_target_review.csv; priority_unreviewed_employers.csv; priority_unreviewed_employers_prefilled.csv
State of New York,state of new york,,74,0,0,,,exclude,review,high,0,exclude pattern: \bstate of\b,Missing,Cornell University,employer_target_review.csv; priority_unreviewed_employers.csv; priority_unreviewed_employers_prefilled.csv
Weill Cornell Medicine,weill cornell medicine,,73,0,0,,,other_or_review,review,low,0,no rule match,Missing,Cornell University,employer_target_review.csv; priority_unreviewed_employers.csv; priority_unreviewed_employers_prefilled.csv
Dartmouth College,dartmouth college,,73,0,0,,,exclude,review,high,0,exclude pattern: \bcollege\b,Missing,Dartmouth College,employer_target_review.csv; priority_unreviewed_employers.csv; priority_unreviewed_employers_prefilled.csv
Duke University,duke university,,71,0,0,,,exclude,accept_if_sensible,high,0,exclude pattern: \buniversity\b,,,employer_target_review.csv
The Children's Hospital of Philadelphia Foundation,children's hospital of philadelphia foundation,,70,0,0,,,exclude,review,high,0,exclude pattern: \bhospital\b,Missing,University of Pennsylvania,employer_target_review.csv; priority_unreviewed_employers.csv; priority_unreviewed_employers_prefilled.csv
The Mount Sinai Hospital,mount sinai hospital,,69,0,0,,,exclude,review,high,0,exclude pattern: \bhospital\b,Missing,Brown University,employer_target_review.csv; priority_unreviewed_employers.csv; priority_unreviewed_employers_prefilled.csv
Clearview Healthcare Partners LLC,clearview healthcare partners llc,,66,0,0,,,other_or_review,review,low,0,no rule match,Missing,Duke University,employer_target_review.csv; priority_unreviewed_employers.csv; priority_unreviewed_employers_prefilled.csv
University of Notre Dame,university of notre dame,,65,0,0,,,exclude,accept_if_sensible,high,0,exclude pattern: \buniversity\b,,,employer_target_review.csv
The Johns Hopkins Health System Corp.,johns hopkins health system corp.,,65,0,0,,,exclude,review,high,0,exclude pattern: \bhealth\b,Missing,Johns Hopkins University,employer_target_review.csv; priority_unreviewed_employers.csv; priority_unreviewed_employers_prefilled.csv
The Children's Medical Center Corp.,children's medical center corp.,,64,0,0,,,exclude,review,high,0,exclude pattern: \bmedical\b,Missing,Harvard University,employer_target_review.csv; priority_unreviewed_employers.csv; priority_unreviewed_employers_prefilled.csv
Carnegie Mellon University,carnegie mellon university,,62,0,0,,,exclude,review,high,0,exclude pattern: \buniversity\b,Engineering,University of California Berkeley,employer_target_review.csv; priority_unreviewed_employers.csv; priority_unreviewed_employers_prefilled.csv
University of Washington,university of washington,,62,0,0,,,exclude,review,high,0,exclude pattern: \buniversity\b,Missing,University of California Berkeley,employer_target_review.csv; priority_unreviewed_employers.csv; priority_unreviewed_employers_prefilled.csv
University of North Carolina System,university of north carolina system,,60,0,0,,,exclude,review,high,0,exclude pattern: \buniversity\b,Missing,University of Michigan,employer_target_review.csv; priority_unreviewed_employers.csv; priority_unreviewed_employers_prefilled.csv
U.S. Navy,u.s. navy,,60,0,0,,,other_or_review,review,low,0,no rule match,Engineering,University of Notre Dame,employer_target_review.csv; priority_unreviewed_employers.csv; priority_unreviewed_employers_prefilled.csv
University of Southern California,university of southern california,,58,0,0,,,exclude,review,high,0,exclude pattern: \buniversity\b,Missing,University of California Berkeley,employer_target_review.csv; priority_unreviewed_employers.csv; priority_unreviewed_employers_prefilled.csv
SoundCommerce LLC,soundcommerce llc,,57,0,0,,,other_or_review,review,low,0,no rule match,Missing,University of California Berkeley,employer_target_review.csv; priority_unreviewed_employers.csv; priority_unreviewed_employers_prefilled.csv
Kirkland & Ellis LLP,kirkland & ellis llp,,57,0,0,,,other_or_review,review,low,0,no rule match,Missing,University of Michigan,employer_target_review.csv; priority_unreviewed_employers.csv; priority_unreviewed_employers_prefilled.csv
FMR LLC,fmr llc,,56,0,0,,,other_or_review,review,low,0,no rule match,Engineering,Cornell University,employer_target_review.csv; priority_unreviewed_employers.csv; priority_unreviewed_employers_prefilled.csv
Georgetown University,georgetown university,,56,0,0,,,exclude,review,high,0,exclude pattern: \buniversity\b,Missing,University of California Berkeley,employer_target_review.csv; priority_unreviewed_employers.csv; priority_unreviewed_employers_prefilled.csv
Yale University,yale university,,54,0,0,,,exclude,accept_if_sensible,high,0,exclude pattern: \buniversity\b,,,employer_target_review.csv
Brown University,brown university,,54,0,0,,,exclude,accept_if_sensible,high,0,exclude pattern: \buniversity\b,,,employer_target_review.csv
Memorial Sloan Kettering Cancer Center,memorial sloan kettering cancer center,,53,0,0,,,other_or_review,review,low,0,no rule match,Missing,Columbia University in the City of New York,employer_target_review.csv; priority_unreviewed_employers.csv; priority_unreviewed_employers_prefilled.csv
NYU Langone Health,nyu langone health,,53,0,0,,,exclude,review,high,0,exclude pattern: \bhealth\b,Missing,University of Pennsylvania,employer_target_review.csv; priority_unreviewed_employers.csv; priority_unreviewed_employers_prefilled.csv
California Institute of Technology,california institute of technology,,52,0,0,,,exclude,review,high,0,exclude pattern: \binstitute\b,Engineering,California Institute of Technology,employer_target_review.csv; priority_unreviewed_employers.csv; priority_unreviewed_employers_prefilled.csv
United Talent Agency LLC (California),united talent agency llc (california),,52,0,0,,,other_or_review,review,low,0,no rule match,Missing,Northwestern University,employer_target_review.csv; priority_unreviewed_employers.csv; priority_unreviewed_employers_prefilled.csv
Georgia Institute of Technology,georgia institute of technology,,50,0,0,,,exclude,review,high,0,exclude pattern: \binstitute\b,Engineering,University of California Berkeley,employer_target_review.csv; priority_unreviewed_employers.csv; priority_unreviewed_employers_prefilled.csv
"Endeavor Group Holdings, Inc.","endeavor group holdings, inc.",,49,0,0,,,other_or_review,review,low,0,no rule match,Missing,University of Michigan,employer_target_review.csv; priority_unreviewed_employers.csv; priority_unreviewed_employers_prefilled.csv
Government of France,government of france,,49,0,0,,,exclude,review,high,0,exclude pattern: \bgovernment\b,Missing,Columbia University in the City of New York,employer_target_review.csv; priority_unreviewed_employers.csv; priority_unreviewed_employers_prefilled.csv
"Walmart, Inc.","walmart, inc.",,48,0,0,,,other_or_review,review,low,0,no rule match,Engineering,University of California Berkeley,employer_target_review.csv; priority_unreviewed_employers.csv; priority_unreviewed_employers_prefilled.csv
CAA Holdings LLC,caa holdings llc,,47,0,0,,,other_or_review,review,low,0,no rule match,Missing,University of Michigan,employer_target_review.csv; priority_unreviewed_employers.csv; priority_unreviewed_employers_prefilled.csv
William Marsh Rice University,william marsh rice university,,46,0,0,,,exclude,review,high,0,exclude pattern: \buniversity\b,Engineering,Rice University,employer_target_review.csv; priority_unreviewed_employers.csv; priority_unreviewed_employers_prefilled.csv
"The NewYork-Presbyterian Healthcare System, Inc.","newyork-presbyterian healthcare system, inc.",,46,0,0,,,other_or_review,review,low,0,no rule match,Missing,Cornell University,employer_target_review.csv; priority_unreviewed_employers.csv; priority_unreviewed_employers_prefilled.csv
General Dynamics Corp.,general dynamics corp.,,45,0,0,,,other_or_review,review,low,0,no rule match,Engineering,University of Michigan,employer_target_review.csv; priority_unreviewed_employers.csv; priority_unreviewed_employers_prefilled.csv
Roche Holding AG,roche holding ag,,44,0,0,,,other_or_review,review,low,0,no rule match,Engineering,University of California Berkeley,employer_target_review.csv; priority_unreviewed_employers.csv; priority_unreviewed_employers_prefilled.csv
CVS Health Corp.,cvs health corp.,,44,0,0,,,exclude,review,high,0,exclude pattern: \bhealth\b,Missing,University of Michigan,employer_target_review.csv; priority_unreviewed_employers.csv; priority_unreviewed_employers_prefilled.csv
"Nomura Holdings, Inc.","nomura holdings, inc.",,44,0,0,,,other_or_review,review,low,0,no rule match,Economics,Dartmouth College,employer_target_review.csv; priority_unreviewed_employers.csv; priority_unreviewed_employers_prefilled.csv
University of Wisconsin,university of wisconsin,,44,0,0,,,exclude,review,high,0,exclude pattern: \buniversity\b,Missing,University of Michigan,employer_target_review.csv; priority_unreviewed_employers.csv; priority_unreviewed_employers_prefilled.csv
"ScribeAmerica, Inc.","scribeamerica, inc.",,43,0,0,,,other_or_review,review,low,0,no rule match,Missing,University of California Berkeley,employer_target_review.csv; priority_unreviewed_employers.csv; priority_unreviewed_employers_prefilled.csv
Emory University,emory university,,43,0,0,,,exclude,review,high,0,exclude pattern: \buniversity\b,Missing,University of Michigan,employer_target_review.csv; priority_unreviewed_employers.csv; priority_unreviewed_employers_prefilled.csv
City of New York (New York),city of new york (new york),,43,0,0,,,other_or_review,review,low,0,no rule match,Missing,Cornell University,employer_target_review.csv; priority_unreviewed_employers.csv; priority_unreviewed_employers_prefilled.csv
"UnitedHealth Group, Inc.","unitedhealth group, inc.",,43,0,0,,,other_or_review,review,low,0,no rule match,Missing,University of Michigan,employer_target_review.csv; priority_unreviewed_employers.csv; priority_unreviewed_employers_prefilled.csv
MLM Trust B,mlm trust b,,42,0,0,,,other_or_review,review,low,0,no rule match,Engineering,Columbia University in the City of New York,employer_target_review.csv; priority_unreviewed_employers.csv; priority_unreviewed_employers_prefilled.csv
"Paul, Weiss, Rifkind, Wharton & Garrison LLP","paul, weiss, rifkind, wharton & garrison llp",,42,0,0,,,other_or_review,review,low,0,no rule match,Missing,Cornell University,employer_target_review.csv; priority_unreviewed_employers.csv; priority_unreviewed_employers_prefilled.csv
GFH CSEVA LLC,gfh cseva llc,,41,0,0,,,other_or_review,review,low,0,no rule match,Engineering,Massachusetts Institute of Technology,employer_target_review.csv; priority_unreviewed_employers.csv; priority_unreviewed_employers_prefilled.csv
"Ringle English Education Service Co., Ltd.","ringle english education service co., ltd.",,40,0,0,,,other_or_review,review,low,0,no rule match,Missing,Vanderbilt University,employer_target_review.csv; priority_unreviewed_employers.csv; priority_unreviewed_employers_prefilled.csv
"Omnicom Group, Inc.","omnicom group, inc.",,39,0,0,,,other_or_review,review,low,0,no rule match,Missing,University of Michigan,employer_target_review.csv; priority_unreviewed_employers.csv; priority_unreviewed_employers_prefilled.csv
Pfizer Inc.,pfizer inc.,,38,0,0,,,other_or_review,review,low,0,no rule match,Engineering,University of Michigan,employer_target_review.csv; priority_unreviewed_employers.csv; priority_unreviewed_employers_prefilled.csv
"PJT Partners, Inc.","pjt partners, inc.",,38,0,0,,,other_or_review,review,low,0,no rule match,Missing,Wharton School of Business at University of Pennsylvania,employer_target_review.csv; priority_unreviewed_employers.csv; priority_unreviewed_employers_prefilled.csv
Stanford University School of Engineering,stanford university school of engineering,,37,0,0,,,exclude,review,high,0,exclude pattern: \buniversity\b,Engineering,Stanford University,employer_target_review.csv; priority_unreviewed_employers.csv; priority_unreviewed_employers_prefilled.csv
Allianz SE,allianz se,,37,0,0,,,other_or_review,review,low,0,no rule match,Economics,Columbia University in the City of New York,employer_target_review.csv; priority_unreviewed_employers.csv; priority_unreviewed_employers_prefilled.csv
"WSP Global, Inc.","wsp global, inc.",,37,0,0,,,other_or_review,review,low,0,no rule match,Engineering,Cornell University,employer_target_review.csv; priority_unreviewed_employers.csv; priority_unreviewed_employers_prefilled.csv
Abbott Laboratories,abbott laboratories,,37,0,0,,,other_or_review,review,low,0,no rule match,Engineering,University of California Berkeley,employer_target_review.csv; priority_unreviewed_employers.csv; priority_unreviewed_employers_prefilled.csv
WBC Holdings LP,wbc holdings lp,,37,0,0,,,other_or_review,review,low,0,no rule match,Economics,University of Chicago,employer_target_review.csv; priority_unreviewed_employers.csv; priority_unreviewed_employers_prefilled.csv
Fulbright Association,fulbright association,,36,0,0,,,other_or_review,review,low,0,no rule match,Missing,Brown University,employer_target_review.csv; priority_unreviewed_employers.csv; priority_unreviewed_employers_prefilled.csv
"Lazard, Inc.","lazard, inc.",,36,0,0,,,other_or_review,review,low,0,no rule match,Economics,Wharton School of Business at University of Pennsylvania,employer_target_review.csv; priority_unreviewed_employers.csv; priority_unreviewed_employers_prefilled.csv
"CRA International, Inc.","cra international, inc.",,36,0,0,,,other_or_review,review,low,0,no rule match,Economics,University of Chicago,employer_target_review.csv; priority_unreviewed_employers.csv; priority_unreviewed_employers_prefilled.csv
Center for Advanced Retinal & Ocular Therapies,center for advanced retinal & ocular therapies,,35,0,0,,,other_or_review,review,low,0,no rule match,Missing,University of Pennsylvania,employer_target_review.csv; priority_unreviewed_employers.csv; priority_unreviewed_employers_prefilled.csv
Publicis Groupe SA,publicis groupe sa,,35,0,0,,,other_or_review,review,low,0,no rule match,Missing,University of Michigan,employer_target_review.csv; priority_unreviewed_employers.csv; priority_unreviewed_employers_prefilled.csv
Paramount Skydance Corp.,paramount skydance corp.,,34,0,0,,,other_or_review,review,low,0,no rule match,Missing,Northwestern University,employer_target_review.csv; priority_unreviewed_employers.csv; priority_unreviewed_employers_prefilled.csv
University of Oxford,university of oxford,,34,0,0,,,exclude,review,high,0,exclude pattern: \buniversity\b,Missing,Harvard University,employer_target_review.csv; priority_unreviewed_employers.csv; priority_unreviewed_employers_prefilled.csv
University of Virginia,university of virginia,,34,0,0,,,exclude,review,high,0,exclude pattern: \buniversity\b,Missing,Cornell University,employer_target_review.csv; priority_unreviewed_employers.csv; priority_unreviewed_employers_prefilled.csv
Dataannotation Tech,dataannotation tech,,34,0,0,,,other_or_review,review,low,0,no rule match,Engineering,University of Michigan,employer_target_review.csv; priority_unreviewed_employers_batch2.csv
"Merck & Co., Inc.","merck & co., inc.",,33,0,0,,,other_or_review,review,high,0,exact mapping,Engineering,Cornell University,employer_target_review.csv; priority_unreviewed_employers_batch2.csv
Johnson & Johnson,johnson & johnson,,32,0,0,,,other_or_review,review,high,0,exact mapping,Engineering,Cornell University,employer_target_review.csv; priority_unreviewed_employers_batch2.csv
Stealth Startup,stealth startup,,32,0,0,,,other_or_review,review,high,0,exact mapping,Engineering,University of California Berkeley,employer_target_review.csv; priority_unreviewed_employers_batch2.csv
University of Cambridge,university of cambridge,,32,0,0,,,exclude,review,high,0,exact mapping,Missing,University of California Berkeley,employer_target_review.csv; priority_unreviewed_employers_batch2.csv
Davis Polk & Wardwell LLP,davis polk & wardwell llp,,31,0,0,,,other_or_review,review,high,0,exact mapping,Missing,University of Pennsylvania,employer_target_review.csv; priority_unreviewed_employers_batch2.csv
Government of Singapore,government of singapore,,31,0,0,,,exclude,review,high,0,exact mapping,Engineering,University of California Berkeley,employer_target_review.csv; priority_unreviewed_employers_batch2.csv
"United Airlines Holdings, Inc.","united airlines holdings, inc.",,31,0,0,,,other_or_review,review,high,0,exact mapping,Engineering,Northwestern University,employer_target_review.csv; priority_unreviewed_employers_batch2.csv
Boston University,boston university,,30,0,0,,,exclude,review,high,0,exact mapping,Missing,University of Michigan,employer_target_review.csv; priority_unreviewed_employers_batch2.csv
Eli Lilly & Co.,eli lilly & co.,,30,0,0,,,other_or_review,review,low,0,no rule match,Engineering,University of Notre Dame,employer_target_review.csv; priority_unreviewed_employers_batch2.csv
McMaster-Carr Supply Co.,mcmaster-carr supply co.,,30,0,0,,,other_or_review,review,high,0,exact mapping,Engineering,University of Chicago,employer_target_review.csv; priority_unreviewed_employers_batch2.csv
"Dana-Farber Cancer Institute, Inc.","dana-farber cancer institute, inc.",,29,0,0,,,exclude,review,high,0,exclude pattern: \binstitute\b,Missing,University of California Berkeley,employer_target_review.csv; priority_unreviewed_employers_batch2.csv
Ares Management Corp.,ares management corp.,,28,0,0,,,other_or_review,review,low,0,no rule match,Missing,Duke University,employer_target_review.csv; priority_unreviewed_employers_batch2.csv
"Beth Israel Lahey Health, Inc.","beth israel lahey health, inc.",,28,0,0,,,exclude,review,high,0,exclude pattern: \bhealth\b,Missing,Brown University,employer_target_review.csv; priority_unreviewed_employers_batch2.csv
"IXL Learning, Inc.","ixl learning, inc.",,28,0,0,,,other_or_review,review,low,0,no rule match,Engineering,University of California Berkeley,employer_target_review.csv; priority_unreviewed_employers_batch2.csv
"National Football League, Inc.","national football league, inc.",,28,0,0,,,other_or_review,review,low,0,no rule match,Missing,Vanderbilt University,employer_target_review.csv; priority_unreviewed_employers_batch2.csv
"Pinterest, Inc.","pinterest, inc.",,28,0,0,,,other_or_review,review,low,0,no rule match,Engineering,University of California Berkeley,employer_target_review.csv; priority_unreviewed_employers_batch2.csv
Sullivan & Cromwell LLP,sullivan & cromwell llp,,28,0,0,,,other_or_review,review,low,0,no rule match,Missing,Columbia University in the City of New York,employer_target_review.csv; priority_unreviewed_employers_batch2.csv
"The Broad Institute, Inc.","broad institute, inc.",,28,0,0,,,exclude,review,high,0,exclude pattern: \binstitute\b,Engineering,Harvard University,employer_target_review.csv; priority_unreviewed_employers_batch2.csv
University of Illinois At Urbana–Champaign,university of illinois at urbana–champaign,,28,0,0,,,exclude,review,high,0,exclude pattern: \buniversity\b,Engineering,University of Michigan,employer_target_review.csv; priority_unreviewed_employers_batch2.csv
Beaumont Health,beaumont health,,27,0,0,,,exclude,review,high,0,exclude pattern: \bhealth\b,Missing,University of Michigan,employer_target_review.csv; priority_unreviewed_employers_batch2.csv
"Macy's, Inc.","macy's, inc.",,27,0,0,,,other_or_review,review,low,0,no rule match,Missing,University of Michigan,employer_target_review.csv; priority_unreviewed_employers_batch2.csv
Moody's Corp.,moody's corp.,,27,0,0,,,other_or_review,review,low,0,no rule match,Engineering,Columbia University in the City of New York,employer_target_review.csv; priority_unreviewed_employers_batch2.csv
Ove Arup Partnership Charitable Trust,ove arup partnership charitable trust,,27,0,0,,,other_or_review,review,low,0,no rule match,Engineering,Cornell University,employer_target_review.csv; priority_unreviewed_employers_batch2.csv
"QUALCOMM, Inc.","qualcomm, inc.",,27,0,0,,,other_or_review,review,low,0,no rule match,Engineering,University of California Berkeley,employer_target_review.csv; priority_unreviewed_employers_batch2.csv
"Success Academy Charter Schools, Inc.","success academy charter schools, inc.",,27,0,0,,,other_or_review,review,low,0,no rule match,Missing,Columbia University in the City of New York,employer_target_review.csv; priority_unreviewed_employers_batch2.csv
"ZS Associates, Inc.","zs associates, inc.",,27,0,0,,,other_or_review,review,low,0,no rule match,Economics,University of Pennsylvania,employer_target_review.csv; priority_unreviewed_employers_batch2.csv
"Analysis Group, Inc. (Massachusetts)","analysis group, inc. (massachusetts)",,26,0,0,,,other_or_review,review,low,0,no rule match,Economics,Washington University in St. Louis,employer_target_review.csv; priority_unreviewed_employers_batch2.csv
Baylor College of Medicine,baylor college of medicine,,26,0,0,,,exclude,review,high,0,exclude pattern: \bcollege\b,Missing,Rice University,employer_target_review.csv; priority_unreviewed_employers_batch2.csv
Booz Allen Hamilton Holding Corp.,booz allen hamilton holding corp.,,26,0,0,,,other_or_review,review,low,0,no rule match,Engineering,University of Notre Dame,employer_target_review.csv; priority_unreviewed_employers_batch2.csv
"DraftKings, Inc.","draftkings, inc.",,26,0,0,,,other_or_review,review,low,0,no rule match,Engineering,University of Michigan,employer_target_review.csv; priority_unreviewed_employers_batch2.csv
Government of China,government of china,,26,0,0,,,exclude,review,high,0,exclude pattern: \bgovernment\b,Missing,University of Michigan,employer_target_review.csv; priority_unreviewed_employers_batch2.csv
Macquarie Group Ltd.,macquarie group ltd.,,26,0,0,,,other_or_review,review,low,0,no rule match,Economics,Wharton School of Business at University of Pennsylvania,employer_target_review.csv; priority_unreviewed_employers_batch2.csv
Rothschild & Co. SCA,rothschild & co. sca,,26,0,0,,,other_or_review,review,low,0,no rule match,Economics,University of Chicago,employer_target_review.csv; priority_unreviewed_employers_batch2.csv
Scully Royalty Ltd.,scully royalty ltd.,,26,0,0,,,other_or_review,review,low,0,no rule match,Missing,Vanderbilt University,employer_target_review.csv; priority_unreviewed_employers_batch2.csv
The Northwestern Mutual Life Insurance Co.,northwestern mutual life insurance co.,,26,0,0,,,other_or_review,review,low,0,no rule match,Missing,University of Notre Dame,employer_target_review.csv; priority_unreviewed_employers_batch2.csv
"Burns & McDonnell, Inc.","burns & mcdonnell, inc.",,25,0,0,,,other_or_review,review,low,0,no rule match,Engineering,Washington University in St. Louis,employer_target_review.csv; priority_unreviewed_employers_batch2.csv
L'Oréal SA,l'oréal sa,,25,0,0,,,other_or_review,review,low,0,no rule match,Missing,Cornell University,employer_target_review.csv; priority_unreviewed_employers_batch2.csv
"Northwell Health, Inc.","northwell health, inc.",,25,0,0,,,exclude,review,high,0,exclude pattern: \bhealth\b,Missing,Columbia University in the City of New York,employer_target_review.csv; priority_unreviewed_employers_batch2.csv
"Skadden, Arps, Slate, Meagher & Flom LLP","skadden, arps, slate, meagher & flom llp",,25,0,0,,,other_or_review,review,high,0,exact mapping,Missing,Cornell University,employer_target_review.csv; priority_unreviewed_employers_batch2.csv
Sony Group Corp.,sony group corp.,,25,0,0,,,other_or_review,review,low,0,no rule match,Missing,University of California Berkeley,employer_target_review.csv; priority_unreviewed_employers_batch2.csv
Stryker Corp.,stryker corp.,,25,0,0,,,other_or_review,review,low,0,no rule match,Engineering,University of Michigan,employer_target_review.csv; priority_unreviewed_employers_batch2.csv
University of Illinois,university of illinois,,25,0,0,,,exclude,review,high,0,exclude pattern: \buniversity\b,Missing,University of Michigan,employer_target_review.csv; priority_unreviewed_employers_batch2.csv
University of Maryland,university of maryland,,25,0,0,,,exclude,review,high,0,exclude pattern: \buniversity\b,Missing,Columbia University in the City of New York,employer_target_review.csv; priority_unreviewed_employers_batch2.csv
WPP Plc,wpp plc,,25,0,0,,,other_or_review,review,low,0,no rule match,Missing,Northwestern University,employer_target_review.csv; priority_unreviewed_employers_batch2.csv
"Warner Bros. Discovery, Inc.","warner bros. discovery, inc.",,25,0,0,,,other_or_review,review,low,0,no rule match,Missing,Columbia University in the City of New York,employer_target_review.csv; priority_unreviewed_employers_batch2.csv
Altman Solon GmbH & Co. KG,altman solon gmbh & co. kg,,24,0,0,,,other_or_review,review,low,0,no rule match,Economics,Dartmouth College,employer_target_review.csv; priority_unreviewed_employers_batch2.csv
"City Year, Inc.","city year, inc.",,24,0,0,,,other_or_review,review,low,0,no rule match,Missing,University of California Berkeley,employer_target_review.csv; priority_unreviewed_employers_batch2.csv
InterSystems Corp.,intersystems corp.,,24,0,0,,,other_or_review,review,low,0,no rule match,Engineering,Brown University,employer_target_review.csv; priority_unreviewed_employers_batch2.csv
Kobre & Kim LLP,kobre & kim llp,,24,0,0,,,other_or_review,review,low,0,no rule match,Missing,Columbia University in the City of New York,employer_target_review.csv; priority_unreviewed_employers_batch2.csv
Willis Towers Watson Plc,willis towers watson plc,,24,0,0,,,other_or_review,review,low,0,no rule match,Missing,Cornell University,employer_target_review.csv; priority_unreviewed_employers_batch2.csv
"Affiliated Managers Group, Inc.","affiliated managers group, inc.",,23,0,0,,,other_or_review,review,low,0,no rule match,Economics,Columbia University in the City of New York,employer_target_review.csv; priority_unreviewed_employers_batch2.csv
BPCE SA,bpce sa,,23,0,0,,,other_or_review,review,low,0,no rule match,Economics,Brown University,employer_target_review.csv; priority_unreviewed_employers_batch2.csv
Boston Scientific Corp.,boston scientific corp.,,23,0,0,,,other_or_review,review,low,0,no rule match,Engineering,University of Michigan,employer_target_review.csv; priority_unreviewed_employers_batch2.csv
Fiverr International Ltd.,fiverr international ltd.,,23,0,0,,,other_or_review,review,low,0,no rule match,Business,Harvard University,employer_target_review.csv; priority_unreviewed_employers_batch2.csv
"Honeywell International, Inc.","honeywell international, inc.",,23,0,0,,,other_or_review,review,low,0,no rule match,Engineering,University of Michigan,employer_target_review.csv; priority_unreviewed_employers_batch2.csv
"Kaiser Permanente, Inc.","kaiser permanente, inc.",,23,0,0,,,other_or_review,review,low,0,no rule match,Missing,University of California Berkeley,employer_target_review.csv; priority_unreviewed_employers_batch2.csv
Sidley Austin LLP,sidley austin llp,,23,0,0,,,other_or_review,review,low,0,no rule match,Missing,Vanderbilt University,employer_target_review.csv; priority_unreviewed_employers_batch2.csv
The Hearst Family Trust,hearst family trust,,23,0,0,,,other_or_review,review,low,0,no rule match,Missing,Northwestern University,employer_target_review.csv; priority_unreviewed_employers_batch2.csv
"Verkada, Inc.","verkada, inc.",,23,0,0,,,other_or_review,review,low,0,no rule match,Engineering,University of California Berkeley,employer_target_review.csv; priority_unreviewed_employers_batch2.csv
"Alvarez & Marsal, Inc.","alvarez & marsal, inc.",,22,0,0,,,other_or_review,review,low,0,no rule match,Economics,University of Michigan,employer_target_review.csv; priority_unreviewed_employers_batch2.csv
Berkeley Research Group LLC,berkeley research group llc,,22,0,0,,,other_or_review,review,low,0,no rule match,Economics,University of Pennsylvania,employer_target_review.csv; priority_unreviewed_employers_batch2.csv
GE Aerospace,ge aerospace,,22,0,0,,,other_or_review,review,low,0,no rule match,Engineering,University of Notre Dame,employer_target_review.csv; priority_unreviewed_employers_batch2.csv
LVMH Moët Hennessy Louis Vuitton SE,lvmh moët hennessy louis vuitton se,,22,0,0,,,other_or_review,review,low,0,no rule match,Missing,University of California Berkeley,employer_target_review.csv; priority_unreviewed_employers_batch2.csv
Lincoln International LLC,lincoln international llc,,22,0,0,,,other_or_review,review,low,0,no rule match,Economics,University of Michigan,employer_target_review.csv; priority_unreviewed_employers_batch2.csv
Piper Sandler Cos.,piper sandler cos.,,22,0,0,,,other_or_review,review,low,0,no rule match,Missing,University of Notre Dame,employer_target_review.csv; priority_unreviewed_employers_batch2.csv
"AbbVie, Inc.","abbvie, inc.",,21,0,0,,,other_or_review,review,low,0,no rule match,Engineering,Northwestern University,employer_target_review.csv; priority_unreviewed_employers_batch2.csv
"Advanced Micro Devices, Inc.","advanced micro devices, inc.",,21,0,0,,,other_or_review,review,low,0,no rule match,Engineering,Cornell University,employer_target_review.csv; priority_unreviewed_employers_batch2.csv
"IQVIA Holdings, Inc.","iqvia holdings, inc.",,21,0,0,,,other_or_review,review,low,0,no rule match,Missing,Brown University,employer_target_review.csv; priority_unreviewed_employers_batch2.csv
KeyCorp,keycorp,,21,0,0,,,other_or_review,review,low,0,no rule match,Economics,University of Michigan,employer_target_review.csv; priority_unreviewed_employers_batch2.csv
Latham & Watkins LLP,latham & watkins llp,,21,0,0,,,other_or_review,review,low,0,no rule match,Missing,Columbia University in the City of New York,employer_target_review.csv; priority_unreviewed_employers_batch2.csv
Medtronic Plc,medtronic plc,,21,0,0,,,other_or_review,review,low,0,no rule match,Engineering,University of California Berkeley,employer_target_review.csv; priority_unreviewed_employers_batch2.csv
Schneider Electric SE,schneider electric se,,21,0,0,,,other_or_review,review,low,0,no rule match,Engineering,University of California Berkeley,employer_target_review.csv; priority_unreviewed_employers_batch2.csv
"The Brattle Group, Inc.","brattle group, inc.",,21,0,0,,,other_or_review,review,low,0,no rule match,Economics,Vanderbilt University,employer_target_review.csv; priority_unreviewed_employers_batch2.csv
"The Mount Sinai Health System, Inc.","mount sinai health system, inc.",,21,0,0,,,exclude,review,high,0,exclude pattern: \bhealth\b,Missing,Columbia University in the City of New York,employer_target_review.csv; priority_unreviewed_employers_batch2.csv
The University of Colorado,university of colorado,,21,0,0,,,exclude,review,high,0,exclude pattern: \buniversity\b,Engineering,University of California Berkeley,employer_target_review.csv; priority_unreviewed_employers_batch2.csv
UCLA Health Systems,ucla health systems,,21,0,0,,,exclude,review,high,0,exclude pattern: \bhealth\b,Missing,University of California Berkeley,employer_target_review.csv; priority_unreviewed_employers_batch2.csv
United Nations (New York),united nations (new york),,21,0,0,,,other_or_review,review,low,0,no rule match,Missing,Harvard University,employer_target_review.csv; priority_unreviewed_employers_batch2.csv
"ACS, Actividades de Construcción y Servicios SA","acs, actividades de construcción y servicios sa",,20,0,0,,,other_or_review,review,low,0,no rule match,Engineering,University of California Berkeley,employer_target_review.csv; priority_unreviewed_employers_batch2.csv
AECOM,aecom,,20,0,0,,,other_or_review,review,low,0,no rule match,Engineering,Columbia University in the City of New York,employer_target_review.csv; priority_unreviewed_employers_batch2.csv
"Cravath, Swaine & Moore LLP","cravath, swaine & moore llp",,20,0,0,,,other_or_review,review,low,0,no rule match,Missing,Yale University,employer_target_review.csv; priority_unreviewed_employers_batch2.csv
Fellowship of Catholic University Students,fellowship of catholic university students,,20,0,0,,,exclude,review,high,0,exclude pattern: \buniversity\b,Missing,University of California Berkeley,employer_target_review.csv; priority_unreviewed_employers_batch2.csv
Indiana University,indiana university,,20,0,0,,,exclude,review,high,0,exclude pattern: \buniversity\b,Missing,University of Notre Dame,employer_target_review.csv; priority_unreviewed_employers_batch2.csv
Informa Plc,informa plc,,20,0,0,,,other_or_review,review,low,0,no rule match,Missing,University of Michigan,employer_target_review.csv; priority_unreviewed_employers_batch2.csv
"Jones Lang LaSalle, Inc.","jones lang lasalle, inc.",,20,0,0,,,other_or_review,review,low,0,no rule match,Business,Cornell University,employer_target_review.csv; priority_unreviewed_employers_batch2.csv
"Mars, Inc.","mars, inc.",,20,0,0,,,other_or_review,review,low,0,no rule match,Missing,University of California Berkeley,employer_target_review.csv; priority_unreviewed_employers_batch2.csv
Mayo Clinic,mayo clinic,,20,0,0,,,other_or_review,review,low,0,no rule match,Missing,University of Michigan,employer_target_review.csv; priority_unreviewed_employers_batch2.csv
State of Michigan,state of michigan,,20,0,0,,,exclude,review,high,0,exclude pattern: \bstate of\b,Missing,University of Michigan,employer_target_review.csv; priority_unreviewed_employers_batch2.csv
The New York Times Co.,new york times co.,,20,0,0,,,other_or_review,review,low,0,no rule match,Missing,Harvard University,employer_target_review.csv; priority_unreviewed_employers_batch2.csv
The University of Chicago Medical Center,university of chicago medical center,,20,0,0,,,exclude,review,high,0,exclude pattern: \buniversity\b,Missing,University of Chicago,employer_target_review.csv; priority_unreviewed_employers_batch2.csv
"Thermo Fisher Scientific, Inc.","thermo fisher scientific, inc.",,20,0,0,,,other_or_review,review,low,0,no rule match,Missing,University of California Berkeley,employer_target_review.csv; priority_unreviewed_employers_batch2.csv
"Yext, Inc.","yext, inc.",,20,0,0,,,other_or_review,review,low,0,no rule match,Engineering,Massachusetts Institute of Technology,employer_target_review.csv; priority_unreviewed_employers_batch2.csv
Ann & Robert H. Lurie Children's Hospital of Chicago,ann & robert h. lurie children's hospital of chicago,,19,0,0,,,exclude,review,high,0,exclude pattern: \bhospital\b,Missing,Northwestern University,employer_target_review.csv; priority_unreviewed_employers_batch2.csv
Arthur J. Gallagher & Co.,arthur j. gallagher & co.,,19,0,0,,,other_or_review,review,low,0,no rule match,Missing,Vanderbilt University,employer_target_review.csv; priority_unreviewed_employers_batch2.csv
Chicago Public Schools,chicago public schools,,19,0,0,,,other_or_review,review,low,0,no rule match,Missing,Northwestern University,employer_target_review.csv; priority_unreviewed_employers_batch2.csv
City & County of San Francisco (California),city & county of san francisco (california),,19,0,0,,,other_or_review,review,low,0,no rule match,Missing,University of California Berkeley,employer_target_review.csv; priority_unreviewed_employers_batch2.csv
Eastdil Secured LLC,eastdil secured llc,,19,0,0,,,other_or_review,review,low,0,no rule match,Economics,University of Michigan,employer_target_review.csv; priority_unreviewed_employers_batch2.csv
"Gartner, Inc.","gartner, inc.",,19,0,0,,,other_or_review,review,low,0,no rule match,Missing,Cornell University,employer_target_review.csv; priority_unreviewed_employers_batch2.csv
Government of Saudi Arabia,government of saudi arabia,,19,0,0,,,exclude,review,high,0,exclude pattern: \bgovernment\b,Engineering,University of California Berkeley,employer_target_review.csv; priority_unreviewed_employers_batch2.csv
HSBC Holdings Plc,hsbc holdings plc,,19,0,0,,,other_or_review,review,low,0,no rule match,Business,University of Michigan,employer_target_review.csv; priority_unreviewed_employers_batch2.csv
"T. Rowe Price Group, Inc.","t. rowe price group, inc.",,19,0,0,,,other_or_review,review,low,0,no rule match,Economics,Stanford University,employer_target_review.csv; priority_unreviewed_employers_batch2.csv
Tencent Holdings Ltd.,tencent holdings ltd.,,19,0,0,,,other_or_review,review,low,0,no rule match,Engineering,University of Michigan,employer_target_review.csv; priority_unreviewed_employers_batch2.csv
The State University of New York,state university of new york,,19,0,0,,,exclude,review,high,0,exclude pattern: \buniversity\b,Missing,University of Michigan,employer_target_review.csv; priority_unreviewed_employers_batch2.csv
Yeshiva University,yeshiva university,,19,0,0,,,exclude,review,high,0,exclude pattern: \buniversity\b,Missing,Columbia University in the City of New York,employer_target_review.csv; priority_unreviewed_employers_batch2.csv
BP Plc,bp plc,,18,0,0,,,other_or_review,review,low,0,no rule match,Engineering,University of Notre Dame,employer_target_review.csv; priority_unreviewed_employers_batch2.csv
Brown University Health,brown university health,,18,0,0,,,exclude,review,high,0,exclude pattern: \buniversity\b,Missing,Brown University,employer_target_review.csv; priority_unreviewed_employers_batch2.csv
Cleary Gottlieb Steen & Hamilton LLP,cleary gottlieb steen & hamilton llp,,18,0,0,,,other_or_review,review,low,0,no rule match,Missing,Cornell University,employer_target_review.csv; priority_unreviewed_employers_batch2.csv
George Washington University,george washington university,,18,0,0,,,exclude,review,high,0,exclude pattern: \buniversity\b,Missing,University of Michigan,employer_target_review.csv; priority_unreviewed_employers_batch2.csv
"ICF International, Inc.","icf international, inc.",,18,0,0,,,other_or_review,review,low,0,no rule match,Missing,Duke University,employer_target_review.csv; priority_unreviewed_employers_batch2.csv
Japan Exchange & Teaching Program,japan exchange & teaching program,,18,0,0,,,other_or_review,review,low,0,no rule match,Missing,University of Michigan,employer_target_review.csv; priority_unreviewed_employers_batch2.csv
New York Life Insurance Co.,new york life insurance co.,,18,0,0,,,other_or_review,review,low,0,no rule match,Economics,University of California Berkeley,employer_target_review.csv; priority_unreviewed_employers_batch2.csv
Old Mission Holdings LLC,old mission holdings llc,,18,0,0,,,other_or_review,review,low,0,no rule match,Engineering,Wharton School of Business at University of Pennsylvania,employer_target_review.csv; priority_unreviewed_employers_batch2.csv
Proskauer Rose LLP,proskauer rose llp,,18,0,0,,,other_or_review,review,low,0,no rule match,Missing,Cornell University,employer_target_review.csv; priority_unreviewed_employers_batch2.csv
"Walgreens Boots Alliance, Inc.","walgreens boots alliance, inc.",,18,0,0,,,other_or_review,review,low,0,no rule match,Missing,University of Michigan,employer_target_review.csv; priority_unreviewed_employers_batch2.csv
"lululemon athletica, Inc.","lululemon athletica, inc.",,18,0,0,,,other_or_review,review,low,0,no rule match,Missing,University of California Berkeley,employer_target_review.csv; priority_unreviewed_employers_batch2.csv
AllianceBernstein LP,alliancebernstein lp,,17,0,0,,,other_or_review,review,low,0,no rule match,Engineering,Washington University in St. Louis,employer_target_review.csv; priority_unreviewed_employers_batch2.csv
"Crisis Text Line, Inc.","crisis text line, inc.",,17,0,0,,,other_or_review,review,low,0,no rule match,Missing,Washington University in St. Louis,employer_target_review.csv; priority_unreviewed_employers_batch2.csv
"Gap, Inc.","gap, inc.",,17,0,0,,,other_or_review,review,low,0,no rule match,Missing,University of California Berkeley,employer_target_review.csv; priority_unreviewed_employers_batch2.csv
"International Rescue Committee, Inc.","international rescue committee, inc.",,17,0,0,,,other_or_review,review,low,0,no rule match,Missing,University of California Berkeley,employer_target_review.csv; priority_unreviewed_employers_batch2.csv
"Morningstar, Inc.","morningstar, inc.",,17,0,0,,,other_or_review,review,low,0,no rule match,Economics,University of Michigan,employer_target_review.csv; priority_unreviewed_employers_batch2.csv
Roland Berger Holding Gmbh & Co. KGaA,roland berger holding gmbh & co. kgaa,,17,0,0,,,other_or_review,review,low,0,no rule match,Economics,Northwestern University,employer_target_review.csv; priority_unreviewed_employers_batch2.csv
"The MathWorks, Inc.","mathworks, inc.",,17,0,0,,,other_or_review,review,low,0,no rule match,Engineering,University of Michigan,employer_target_review.csv; priority_unreviewed_employers_batch2.csv
The Rockefeller University,rockefeller university,,17,0,0,,,exclude,review,high,0,exclude pattern: \buniversity\b,Missing,Brown University,employer_target_review.csv; priority_unreviewed_employers_batch2.csv
The State of North Carolina,state of north carolina,,17,0,0,,,exclude,review,high,0,exclude pattern: \bstate of\b,Nursing,Duke University School of Nursing,employer_target_review.csv; priority_unreviewed_employers_batch2.csv
Unilever Plc,unilever plc,,17,0,0,,,other_or_review,review,low,0,no rule match,Missing,Cornell University,employer_target_review.csv; priority_unreviewed_employers_batch2.csv
Willkie Farr & Gallagher LLP,willkie farr & gallagher llp,,17,0,0,,,other_or_review,review,low,0,no rule match,Missing,Northwestern University,employer_target_review.csv; priority_unreviewed_employers_batch2.csv
Appian Corp.,appian corp.,,16,0,0,,,other_or_review,review,low,0,no rule match,Engineering,Duke University,employer_target_review.csv; priority_unreviewed_employers_batch2.csv
"FactSet Research Systems, Inc.","factset research systems, inc.",,16,0,0,,,tech,review,medium,0,tech keyword: \bsystems?\b,Engineering,University of Michigan,employer_target_review.csv; priority_unreviewed_employers_batch2.csv
Michigan State University,michigan state university,,16,0,0,,,exclude,review,high,0,exclude pattern: \buniversity\b,Missing,University of Michigan,employer_target_review.csv; priority_unreviewed_employers_batch2.csv
Mit Electrical Engineering & Computer Science Department,mit electrical engineering & computer science department,,16,0,0,,,other_or_review,review,low,0,no rule match,Engineering,Massachusetts Institute of Technology,employer_target_review.csv; priority_unreviewed_employers_batch2.csv
"Regeneron Pharmaceuticals, Inc.","regeneron pharmaceuticals, inc.",,16,0,0,,,other_or_review,review,low,0,no rule match,Engineering,Cornell University,employer_target_review.csv; priority_unreviewed_employers_batch2.csv
SFS Holding Corp.,sfs holding corp.,,16,0,0,,,other_or_review,review,low,0,no rule match,Missing,University of Michigan,employer_target_review.csv; priority_unreviewed_employers_batch2.csv
Société Générale SA,société générale sa,,16,0,0,,,other_or_review,review,low,0,no rule match,Missing,Columbia University in the City of New York,employer_target_review.csv; priority_unreviewed_employers_batch2.csv
Thayer School of Engineering At Dartmouth,thayer school of engineering at dartmouth,,16,0,0,,,exclude,review,high,0,exclude pattern: \bschool\b,Engineering,Dartmouth College,employer_target_review.csv; priority_unreviewed_employers_batch2.csv
Trinity Health Corp.,trinity health corp.,,16,0,0,,,exclude,review,high,0,exclude pattern: \bhealth\b,Missing,University of Michigan,employer_target_review.csv; priority_unreviewed_employers_batch2.csv
University of Minnesota,university of minnesota,,16,0,0,,,exclude,review,high,0,exclude pattern: \buniversity\b,Missing,Cornell University,employer_target_review.csv; priority_unreviewed_employers_batch2.csv
"APHC, Inc.","aphc, inc.",,15,0,0,,,other_or_review,review,low,0,no rule match,Engineering,University of Michigan,employer_target_review.csv; priority_unreviewed_employers_batch2.csv
AstraZeneca PLC,astrazeneca plc,,15,0,0,,,other_or_review,review,low,0,no rule match,Engineering,University of Michigan,employer_target_review.csv; priority_unreviewed_employers_batch2.csv
"BVH, Inc.","bvh, inc.",,15,0,0,,,other_or_review,review,low,0,no rule match,Engineering,University of Michigan,employer_target_review.csv; priority_unreviewed_employers_batch2.csv
Boston College,boston college,,15,0,0,,,exclude,review,high,0,exclude pattern: \bcollege\b,Missing,Stanford University,employer_target_review.csv; priority_unreviewed_employers_batch2.csv
"CBRE Group, Inc.","cbre group, inc.",,15,0,0,,,other_or_review,review,low,0,no rule match,Missing,Northwestern University,employer_target_review.csv; priority_unreviewed_employers_batch2.csv
"Hyundai Motor Co., Ltd.","hyundai motor co., ltd.",,15,0,0,,,other_or_review,review,low,0,no rule match,Engineering,University of Michigan,employer_target_review.csv; priority_unreviewed_employers_batch2.csv
Imperial College London,imperial college london,,15,0,0,,,exclude,review,high,0,exclude pattern: \bcollege\b,Engineering,University of California Berkeley,employer_target_review.csv; priority_unreviewed_employers_batch2.csv
"Leidos Holdings, Inc.","leidos holdings, inc.",,15,0,0,,,other_or_review,review,low,0,no rule match,Engineering,University of Michigan,employer_target_review.csv; priority_unreviewed_employers_batch2.csv
Pinault Francois Family,pinault francois family,,15,0,0,,,other_or_review,review,low,0,no rule match,Missing,Columbia University in the City of New York,employer_target_review.csv; priority_unreviewed_employers_batch2.csv
Purdue University,purdue university,,15,0,0,,,exclude,review,high,0,exclude pattern: \buniversity\b,Engineering,Massachusetts Institute of Technology,employer_target_review.csv; priority_unreviewed_employers_batch2.csv
The Urban Institute,urban institute,,15,0,0,,,exclude,review,high,0,exclude pattern: \binstitute\b,Missing,Rice University,employer_target_review.csv; priority_unreviewed_employers_batch2.csv
United States Attorney's Office,united states attorney's office,,15,0,0,,,other_or_review,review,low,0,no rule match,Missing,Columbia University in the City of New York,employer_target_review.csv; priority_unreviewed_employers_batch2.csv
University of Arizona,university of arizona,,15,0,0,,,exclude,review,high,0,exclude pattern: \buniversity\b,Missing,University of Notre Dame,employer_target_review.csv; priority_unreviewed_employers_batch2.csv
"University of California, Irvine","university of california, irvine",,15,0,0,,,exclude,review,high,0,exclude pattern: \buniversity\b,Missing,University of California Berkeley,employer_target_review.csv; priority_unreviewed_employers_batch2.csv
"Upwork, Inc.","upwork, inc.",,15,0,0,,,other_or_review,review,low,0,no rule match,Missing,University of California Berkeley,employer_target_review.csv; priority_unreviewed_employers_batch2.csv
Acumen LLC,acumen llc,,14,0,0,,,other_or_review,review,low,0,no rule match,Missing,Duke University,employer_target_review.csv; priority_unreviewed_employers_batch2.csv
"Asana, Inc.","asana, inc.",,14,0,0,,,other_or_review,review,low,0,no rule match,Engineering,Cornell University,employer_target_review.csv; priority_unreviewed_employers_batch2.csv
"Beacon Health System, Inc.","beacon health system, inc.",,14,0,0,,,exclude,review,high,0,exclude pattern: \bhealth\b,Missing,University of Michigan,employer_target_review.csv; priority_unreviewed_employers_batch2.csv
"CDM Smith, Inc.","cdm smith, inc.",,14,0,0,,,other_or_review,review,low,0,no rule match,Engineering,Massachusetts Institute of Technology,employer_target_review.csv; priority_unreviewed_employers_batch2.csv
Cedars-Sinai Health System,cedars-sinai health system,,14,0,0,,,exclude,review,high,0,exclude pattern: \bhealth\b,Missing,University of California Berkeley,employer_target_review.csv; priority_unreviewed_employers_batch2.csv
Chubb Ltd.,chubb ltd.,,14,0,0,,,other_or_review,review,low,0,no rule match,Missing,Brown University,employer_target_review.csv; priority_unreviewed_employers_batch2.csv
"DaVita, Inc.","davita, inc.",,14,0,0,,,other_or_review,review,low,0,no rule match,Missing,University of Notre Dame,employer_target_review.csv; priority_unreviewed_employers_batch2.csv
Duke University School of Law,duke university school of law,,14,0,0,,,exclude,review,high,0,exclude pattern: \buniversity\b,Missing,Duke University,employer_target_review.csv; priority_unreviewed_employers_batch2.csv
"Equinox Holdings, Inc.","equinox holdings, inc.",,14,0,0,,,other_or_review,review,low,0,no rule match,Missing,University of Michigan,employer_target_review.csv; priority_unreviewed_employers_batch2.csv
"Amgen, Inc.","amgen, inc.",906797.0,0,0,1,Pharmaceuticals,California,other_or_review,review,low,0,no exact match or sector keyword,,,employer_target_review.csv
"Anduril Industries, Inc.","anduril industries, inc.",300759.0,0,0,1,Aerospace and Defense,California,other_or_review,review,low,0,no exact match or sector keyword,,,employer_target_review.csv
Anheuser Busch Inbev,anheuser busch inbev,2018508.0,0,0,1,,Pharmaceuticals,other_or_review,review,low,0,no exact match or sector keyword,,,employer_target_review.csv
"Applied Materials, Inc.","applied materials, inc.",1246081.0,0,0,1,Electronics Manufacturing,California,other_or_review,review,low,0,no exact match or sector keyword,,,employer_target_review.csv
Biogen,biogen,2359135.0,0,0,1,Wellness Products,Gauteng,other_or_review,review,low,0,no exact match or sector keyword,,,employer_target_review.csv
The Boeing Co.,boeing co.,961524.0,0,0,1,Aerospace and Defense,Virginia,other_or_review,review,low,0,no exact match or sector keyword,,,employer_target_review.csv
Broadridge (Japan) Ltd.,broadridge (japan) ltd.,6968218.0,0,0,1,Information Technology Services,New York,other_or_review,review,low,0,no exact match or sector keyword,,,employer_target_review.csv
"Houlihan Lokey, Inc.","houlihan lokey, inc.",279074.0,0,0,1,Financial Services,California,other_or_review,review,low,0,no exact match or sector keyword,,,employer_target_review.csv
International Business Machines Corp.,international business machines corp.,22142390.0,0,0,1,Information Technology Services,New York,other_or_review,review,low,0,no exact match or sector keyword,,,employer_target_review.csv
"NIKE, Inc.","nike, inc.",775676.0,0,0,1,Apparel Retail,Oregon,other_or_review,review,low,0,no exact match or sector keyword,,,employer_target_review.csv
Procter & Gamble Co.,procter & gamble co.,513460.0,0,0,1,Wellness Products,Ohio,other_or_review,review,low,0,no exact match or sector keyword,,,employer_target_review.csv
PricewaterhouseCoopers LLP,pricewaterhousecoopers llp,709929.0,0,0,1,Consulting and Advisory Services,New York,consulting,accept_if_sensible,high,0,exact target list match,,,employer_target_review.csv
"ResMed, Inc.","resmed, inc.",370332.0,0,0,1,Healthcare and Wellness Services,California,other_or_review,review,low,0,no exact match or sector keyword,,,employer_target_review.csv
Revolut Ltd.,revolut ltd.,233467.0,0,0,1,Digital Commerce Services,England,other_or_review,review,low,0,no exact match or sector keyword,,,employer_target_review.csv
Starbucks Corp.,starbucks corp.,1037635.0,0,0,1,Hospitality and Tourism Management,Washington,other_or_review,review,low,0,no exact match or sector keyword,,,employer_target_review.csv
Target Corp.,target corp.,739347.0,0,0,1,Retail and Consumer Goods,Minnesota,other_or_review,review,low,0,no exact match or sector keyword,,,employer_target_review.csv
Temasek Holdings Pte Ltd.,temasek holdings pte ltd.,480127.0,0,0,1,,Financial Services,other_or_review,review,low,0,no exact match or sector keyword,,,employer_target_review.csv
