skill,pc1_loading,pc2_loading,pc1_abs,pc2_abs
epic emr,0.2541727184541947,-0.01127322025258531,0.2541727184541947,0.01127322025258531
inpatient obstetric nursing,0.23810890027409085,-0.022598261748429688,0.23810890027409085,0.022598261748429688
basic life support certification,0.23444477863756907,-4.7637463777540356e-05,0.23444477863756907,4.7637463777540356e-05
hospital policy,0.23404799307981197,-0.01588064159340592,0.23404799307981197,0.01588064159340592
critical care nursing,0.2315713278106824,-0.022431483194709313,0.2315713278106824,0.022431483194709313
healthcare management,0.23092273669019758,0.02165105496974551,0.23092273669019758,0.02165105496974551
cardiac life support certification,0.22634160547701526,-0.02060799230073171,0.22634160547701526,0.02060799230073171
acute care rn,0.22187822578738506,-0.02482257056585919,0.22187822578738506,0.02482257056585919
patient family,0.21664202220001452,-0.02281201475639407,0.21664202220001452,0.02281201475639407
cpr certified,0.21330973774882817,-0.002508238844931733,0.21330973774882817,0.002508238844931733
healthcare information technology,0.20502827182102862,0.010748568592698664,0.20502827182102862,0.010748568592698664
healthcare delivery process,0.2001007766332964,-0.012115577802965299,0.2001007766332964,0.012115577802965299
technical nursing skills,0.19885037303521183,-0.024806674053130973,0.19885037303521183,0.024806674053130973
patient safety standards,0.1980150348904892,0.005123616398539924,0.1980150348904892,0.005123616398539924
phases of clinical research,0.18742274879088056,0.03702786880727719,0.18742274879088056,0.03702786880727719
hipaa,0.1783970901333958,0.008295167433585188,0.1783970901333958,0.008295167433585188
pediatric intensive care unit,0.16450474251382347,-0.007544093057200914,0.16450474251382347,0.007544093057200914
intensive care medicine,0.15964984886419764,-0.017423729767298113,0.15964984886419764,0.017423729767298113
school of nursing,0.1587697194664818,-0.017593089565847517,0.1587697194664818,0.017593089565847517
patient safety,0.143861102985419,0.009919334840486273,0.143861102985419,0.009919334840486273
medical terminology,0.12847675717555296,0.014293763541738386,0.12847675717555296,0.014293763541738386
clinical leadership,0.12661749308966483,0.016089335290543242,0.12661749308966483,0.016089335290543242
healthcare procedures,0.09987685425924651,0.004268836272979879,0.09987685425924651,0.004268836272979879
public health nursing,0.09255717784476931,0.02356384941046659,0.09255717784476931,0.02356384941046659
vital signs,0.0859571969577346,0.011564235793985921,0.0859571969577346,0.011564235793985921
patient advocacy,0.08266575711574162,-0.0011574079181891875,0.08266575711574162,0.0011574079181891875
electronic health,0.07506756056523815,0.0063665554254313805,0.07506756056523815,0.0063665554254313805
acute patient care,0.07396339075385346,0.003105576148135682,0.07396339075385346,0.003105576148135682
ancillary nursing,0.07223890345862238,0.001005101769777632,0.07223890345862238,0.001005101769777632
epic systems,0.07002289709525114,0.020875164760189236,0.07002289709525114,0.020875164760189236
oncology nursing,0.06503465412453326,0.022638134650944115,0.06503465412453326,0.022638134650944115
hospital services,0.061593868058048916,0.04612996633628308,0.061593868058048916,0.04612996633628308
internal medicine and pediatrics,0.06049727588730137,0.02578875223388198,0.06049727588730137,0.02578875223388198
clinical research protocols,0.0582456138680759,0.011903262043203525,0.0582456138680759,0.011903262043203525
electronic medical record system,0.058003798159095725,0.01918923940977836,0.058003798159095725,0.01918923940977836
direct patient care,0.05637534786022023,0.022192518012109176,0.05637534786022023,0.022192518012109176
cancer research,0.05573051751278823,0.003794257368856282,0.05573051751278823,0.003794257368856282
hospital settings,0.04752535425594134,0.0647534464794865,0.04752535425594134,0.0647534464794865
clinical research,0.046862104491061714,0.004270221561282674,0.046862104491061714,0.004270221561282674
medical assisting,0.045222172528197546,0.012490041217136106,0.045222172528197546,0.012490041217136106
healthcare delivery,0.043244425199448634,-0.003947660696070335,0.043244425199448634,0.003947660696070335
clinical data analysis,0.04187379569795812,-0.005629098705075867,0.04187379569795812,0.005629098705075867
clinical research coordinator,0.040973802551798874,0.06042838430795119,0.040973802551798874,0.06042838430795119
emergency medical services,0.04074291050215476,0.012885094534032419,0.04074291050215476,0.012885094534032419
electrocardiography,0.0401189150213946,0.011988851633689634,0.0401189150213946,0.011988851633689634
clinical documentation,0.03871327583100496,-0.00631097462197613,0.03871327583100496,0.00631097462197613
mental health service,0.03737247343613398,-0.022687292173925955,0.03737247343613398,0.022687292173925955
public health interventions,0.035374543638937585,0.04855043916825294,0.035374543638937585,0.04855043916825294
social,0.034173819902699985,-0.11391586216512713,0.034173819902699985,0.11391586216512713
clinical research associates,0.03381203916684884,0.08575483618865357,0.03381203916684884,0.08575483618865357
clinical trial management,0.029046334984011452,0.05814477112529624,0.029046334984011452,0.05814477112529624
operating room sales,0.027224882541053853,-0.013465209676679003,0.027224882541053853,0.013465209676679003
activity program development,0.02661763251266734,-0.028084390229207657,0.02661763251266734,0.028084390229207657
healthcare regulations,0.02226865855145128,0.04700006465569245,0.02226865855145128,0.04700006465569245
transformational life coaching,0.021292069176095812,-0.009821518979569049,0.021292069176095812,0.009821518979569049
retail pharmacy,0.021020472531015372,0.010213191013344404,0.021020472531015372,0.010213191013344404
sleep training,0.020417492375630165,0.030201208956335452,0.020417492375630165,0.030201208956335452
behavioral healthcare,0.020227322562333387,0.041317644483367964,0.020227322562333387,0.041317644483367964
medical science,0.01911151418368344,0.005313356420896737,0.01911151418368344,0.005313356420896737
behavioral health case management,0.017791906525802096,-0.030171457619655978,0.017791906525802096,0.030171457619655978
training package,0.016655401201800233,-0.0019449369485327384,0.016655401201800233,0.0019449369485327384
nonprofit strategies,0.013684656955335706,-0.03489609838392576,0.013684656955335706,0.03489609838392576
aseptic technique,0.013322903511889422,0.04394414017821053,0.013322903511889422,0.04394414017821053
child development,0.012827243615767665,-0.016800778986761723,0.012827243615767665,0.016800778986761723
science communication,0.012706421921166082,0.07257430479496507,0.012706421921166082,0.07257430479496507
global health,0.012657999600870749,0.006320295983260168,0.012657999600870749,0.006320295983260168
aggression replacement training,0.011546735140121056,-0.04890106191853959,0.011546735140121056,0.04890106191853959
pharmaceutical science,0.01152412340240023,0.06307417239920551,0.01152412340240023,0.06307417239920551
medical scheduling,0.011473068915636623,-0.009673031290224041,0.011473068915636623,0.009673031290224041
program evaluation,0.010846934362337348,0.006046752171071214,0.010846934362337348,0.006046752171071214
hospital inventory management,0.01066657754398199,0.02051958133271139,0.01066657754398199,0.02051958133271139
relationship building,0.010546730103428626,-0.0325633343184404,0.010546730103428626,0.0325633343184404
psychodynamic psychotherapy,0.010377871170317162,-0.0292432151625293,0.010377871170317162,0.0292432151625293
referral networking,0.009790105907269,-0.020115697855458588,0.009790105907269,0.020115697855458588
trial practice,-0.00966229821883575,-0.05152319039891356,0.00966229821883575,0.05152319039891356
applied behavior analysis,0.009320604424539698,-0.02609674272028269,0.009320604424539698,0.02609674272028269
story editing,-0.009158694206254852,0.04663625202972336,0.009158694206254852,0.04663625202972336
court system,-0.009083250963558423,-0.04611734248146036,0.009083250963558423,0.04611734248146036
planning appeals,-0.008807940927236732,-0.050267481817186196,0.008807940927236732,0.050267481817186196
family mediation,-0.008691128007312721,-0.052137491247246426,0.008691128007312721,0.052137491247246426
computational statistics,-0.008535535490016137,0.315019312317487,0.008535535490016137,0.315019312317487
educational research,-0.008302508141203077,-0.11125651158351003,0.008302508141203077,0.11125651158351003
psychological research,0.00780915913669003,-0.05279163938325182,0.00780915913669003,0.05279163938325182
higher education,0.0075354764871207345,-0.05600799359954099,0.0075354764871207345,0.05600799359954099
visual editing,-0.007425652605998496,-0.03933128091612651,0.007425652605998496,0.03933128091612651
archival research,-0.007324399890823437,-0.022205482766755165,0.007324399890823437,0.022205482766755165
construction management software,-0.007217978144804743,-0.013700359540224083,0.007217978144804743,0.013700359540224083
curriculum development,-0.0071253764822101886,-0.11705117717753359,0.0071253764822101886,0.11705117717753359
developmental psychology,0.0069357190135082795,-0.019687441533742446,0.0069357190135082795,0.019687441533742446
teacher leadership,-0.00672388348261744,-0.11311312290754438,0.00672388348261744,0.11311312290754438
staff development,-0.006452882733905444,-0.09224820172738424,0.006452882733905444,0.09224820172738424
photography portfolio,-0.006447250882843978,-0.015084614716872762,0.006447250882843978,0.015084614716872762
planetary science,-0.006093024951244903,0.19104721999754526,0.006093024951244903,0.19104721999754526
diversity training,0.006074428807018401,-0.007008778688719021,0.006074428807018401,0.007008778688719021
comparative law,-0.005850206306333616,-0.037165921513971974,0.005850206306333616,0.037165921513971974
documentary research,-0.005758186597022176,-0.005418980540533342,0.005758186597022176,0.005418980540533342
graphic communication,-0.005638646841677511,-0.012452906912279498,0.005638646841677511,0.012452906912279498
higher education leadership,-0.005544161171667486,0.05585334505206046,0.005544161171667486,0.05585334505206046
scientific research,0.005373195858877334,0.02003997671979988,0.005373195858877334,0.02003997671979988
event management software,-0.005315095266584193,-0.02321804056341258,0.005315095266584193,0.02321804056341258
legal document preparation,-0.005288225822595485,-0.025012809330687887,0.005288225822595485,0.025012809330687887
social statistics,0.005266964334967568,0.00533989498188991,0.005266964334967568,0.00533989498188991
differentiated instruction,-0.005257932986243561,-0.06989223288346448,0.005257932986243561,0.06989223288346448
reading teaching,-0.005143870646089579,-0.08813236592214231,0.005143870646089579,0.08813236592214231
diabetes selfmanagement training,0.005110271025160553,-0.005975390982815992,0.005110271025160553,0.005975390982815992
international arbitration,-0.005110141362883635,-0.03176368472587348,0.005110141362883635,0.03176368472587348
litigation support software,-0.00507750901514058,-0.031178650969877483,0.00507750901514058,0.031178650969877483
construction coordination,-0.005019880468302638,-0.00905021703498278,0.005019880468302638,0.00905021703498278
geotechnical engineering,-0.004985076488757508,-0.009194352438094447,0.004985076488757508,0.009194352438094447
special events,0.004918234669185488,-0.12211054782649146,0.004918234669185488,0.12211054782649146
parent communication,-0.004867380956118837,-0.0910625609106614,0.004867380956118837,0.0910625609106614
strategic fundraising,-0.004856060983301212,-0.018582582245051535,0.004856060983301212,0.018582582245051535
particle physics,-0.004752042353533503,0.11371775885376686,0.004752042353533503,0.11371775885376686
art education,-0.00466587761065116,-0.022959809299972076,0.00466587761065116,0.022959809299972076
pipetting,0.0046535185876558655,0.03975044096259988,0.0046535185876558655,0.03975044096259988
applied science,-0.004578279005389248,0.2688813890846774,0.004578279005389248,0.2688813890846774
molecular biology,-0.004547045330105266,0.3298123367073444,0.004547045330105266,0.3298123367073444
clinical laboratory training,0.004545038324276457,0.2586566121343423,0.004545038324276457,0.2586566121343423
laboratory techniques,0.004458092123234382,0.06058105286604625,0.004458092123234382,0.06058105286604625
litigation practice,-0.004288005026909898,-0.024553958965999947,0.004288005026909898,0.024553958965999947
administrative training,-0.004230082666775325,-0.01809120954895577,0.004230082666775325,0.01809120954895577
behavioral science,0.004187394958384839,-0.01676446881123347,0.004187394958384839,0.01676446881123347
kinetic typography,-0.004132454728388099,-0.009496503033210339,0.004132454728388099,0.009496503033210339
architecture,-0.004112175474929084,-0.0074348427209994334,0.004112175474929084,0.0074348427209994334
concrete pouring,-0.004067169003876956,-0.00955975927570344,0.004067169003876956,0.00955975927570344
video postproduction,-0.004022576103386215,-0.007954658017385293,0.004022576103386215,0.007954658017385293
construction estimating,-0.004012050096422516,-0.009132418147558451,0.004012050096422516,0.009132418147558451
curating,-0.004008895382752061,-0.012568449058386088,0.004008895382752061,0.012568449058386088
bentley microstation,-0.003960690689614596,-0.007281322164052043,0.003960690689614596,0.007281322164052043
court dockets,-0.003937736851532124,-0.012831406530059639,0.003937736851532124,0.012831406530059639
instructional leadership,-0.003910663350484012,0.18796172652387322,0.003910663350484012,0.18796172652387322
elementary education,-0.003909824120404989,-0.06617561818594579,0.003909824120404989,0.06617561818594579
sap2000,-0.003903731695839429,-0.007724768892820364,0.003903731695839429,0.007724768892820364
publishing,-0.0038626995591689636,-0.004983336128032121,0.0038626995591689636,0.004983336128032121
contemporary art,-0.0038587849606529757,-0.016237384674515347,0.0038587849606529757,0.016237384674515347
marketing copy,-0.0038523784646149117,-0.004134755620870396,0.0038523784646149117,0.004134755620870396
public health policy analysis,0.0038084540010465497,-0.0009919194625315456,0.0038084540010465497,0.0009919194625315456
ethical research,-0.0038066089660627788,-0.003208327213114041,0.0038066089660627788,0.003208327213114041
exploratory research,-0.0037607030486112533,0.026587372200356153,0.0037607030486112533,0.026587372200356153
essay writing,-0.00375806666663214,-0.07104057896766981,0.00375806666663214,0.07104057896766981
education program development,-0.0037580566600976264,-0.04680161387911054,0.0037580566600976264,0.04680161387911054
experimental research,-0.0037151561093478115,0.32311890420522105,0.0037151561093478115,0.32311890420522105
publications production,-0.003661694018000103,-0.007125717163994463,0.003661694018000103,0.007125717163994463
videography,-0.0036464061806944733,-0.010130113806035953,0.0036464061806944733,0.010130113806035953
us gaap reporting,-0.003643191426406671,-0.006599321088363043,0.003643191426406671,0.006599321088363043
audit management,-0.0035864122712813565,-0.00625597200495081,0.0035864122712813565,0.00625597200495081
publications,0.003545108502036428,0.009654568205868602,0.003545108502036428,0.009654568205868602
school marketing,-0.0035076376655591266,-0.04915558590797399,0.0035076376655591266,0.04915558590797399
advertising project management,-0.0034808115981953664,-0.010491704885808776,0.0034808115981953664,0.010491704885808776
interactive storytelling,-0.003462363386174229,-0.0047191347789849476,0.003462363386174229,0.0047191347789849476
balanced literacy approach,-0.0034472464087165937,-0.05598235880900245,0.0034472464087165937,0.05598235880900245
tax provision,-0.003428361180780269,-0.006174966262188532,0.003428361180780269,0.006174966262188532
spss statistics,0.003421028222931919,-0.013278794299004026,0.003421028222931919,0.013278794299004026
script coverage,-0.00340673765580209,-0.009746384328655334,0.00340673765580209,0.009746384328655334
litigation support,-0.0033900968943955767,-0.017402131687783456,0.0033900968943955767,0.017402131687783456
data confidentiality,-0.003379429804059805,-0.009839852081172598,0.003379429804059805,0.009839852081172598
voice training,-0.0033760789170671724,-0.008049213093562026,0.0033760789170671724,0.008049213093562026
camera,-0.0033691206504686674,-0.008831030744924629,0.0033691206504686674,0.008831030744924629
menu development,-0.003295618939194091,-0.009510200570270043,0.003295618939194091,0.009510200570270043
color photography,-0.0032826957271186335,-0.02216487314908357,0.0032826957271186335,0.02216487314908357
event based marketing,-0.0032438341118559313,-0.010577045380141325,0.0032438341118559313,0.010577045380141325
art design,-0.0032340218895980256,-0.006177922014054893,0.0032340218895980256,0.006177922014054893
manufacturing operations management,0.003231866309899653,0.008753256048199931,0.003231866309899653,0.008753256048199931
soft skills,0.0031978823270480193,-0.0033521071993770236,0.0031978823270480193,0.0033521071993770236
arts management,-0.003181355227802299,-0.009235715978961978,0.003181355227802299,0.009235715978961978
art research,-0.003176893730167461,-0.018184260107145626,0.003176893730167461,0.018184260107145626
image editing,-0.0031324326089921337,-0.020522050728754782,0.0031324326089921337,0.020522050728754782
speech writing,-0.0030303835103457884,-0.004166755018296086,0.0030303835103457884,0.004166755018296086
organometallic chemistry,-0.0030170193674628463,0.018941340950775352,0.0030170193674628463,0.018941340950775352
library research,-0.0028244243516498046,-0.016610825448588853,0.0028244243516498046,0.016610825448588853
music instruction,-0.0028223928487912777,-0.015622450927994861,0.0028223928487912777,0.015622450927994861
art history,-0.0027999112557481687,-0.018797327862887625,0.0027999112557481687,0.018797327862887625
environmental research,-0.0027975914872885063,-0.0029940904028113277,0.0027975914872885063,0.0029940904028113277
technical writing,-0.002779532170598402,-0.0010384113111992633,0.002779532170598402,0.0010384113111992633
performing arts,-0.00276521213654854,-0.012963657921446025,0.00276521213654854,0.012963657921446025
military decision-making process,-0.00273721712839941,-0.005854522653715496,0.00273721712839941,0.005854522653715496
mass communication,-0.002725274694936079,-0.012456760765402222,0.002725274694936079,0.012456760765402222
laboratory management system,0.002709274264428528,0.045650998585197104,0.002709274264428528,0.045650998585197104
urban sustainability,-0.0027043436349295904,0.013802919257919216,0.0027043436349295904,0.013802919257919216
cultural research,-0.00268125888078491,-0.03151143066165693,0.00268125888078491,0.03151143066165693
quarterly finance reports,-0.0026525027929468715,-0.0044131338798391664,0.0026525027929468715,0.0044131338798391664
ap stylebook,-0.002583161128903621,-0.004160380211384327,0.002583161128903621,0.004160380211384327
clerical,0.0025455109791771052,-0.011160166632379157,0.0025455109791771052,0.011160166632379157
particle physics experiments,-0.0025393660038499615,0.038852123899434536,0.0025393660038499615,0.038852123899434536
schedule,0.0025274687281245925,-0.013290465742670076,0.0025274687281245925,0.013290465742670076
educational consulting,-0.0025127775167895403,-0.0022079284548813093,0.0025127775167895403,0.0022079284548813093
local training,-0.0025117011375794143,-0.0231814744285565,0.0025117011375794143,0.0231814744285565
biochemical engineering,-0.0024884133323311726,0.01440962230135977,0.0024884133323311726,0.01440962230135977
big 4,-0.0024871087744454123,-0.004838870879588945,0.0024871087744454123,0.004838870879588945
biostatistics,0.0024817561244998665,0.03744644980948608,0.0024817561244998665,0.03744644980948608
sales trend analysis,-0.002409479541465828,-0.004952382151127039,0.002409479541465828,0.004952382151127039
business relationship management,-0.0022991906394583647,-0.0039595676506428935,0.0022991906394583647,0.0039595676506428935
natural science,-0.0022909418330887017,0.052024273263067244,0.0022909418330887017,0.052024273263067244
certified public accounting,-0.0022745917110644697,-0.003997178565830226,0.0022745917110644697,0.003997178565830226
visual arts,-0.002255763232805228,-0.013040126387863782,0.002255763232805228,0.013040126387863782
apparel sales,-0.002225062631497218,-0.009735176871366436,0.002225062631497218,0.009735176871366436
training delivery,-0.0022072107753119807,-0.01920839913050791,0.0022072107753119807,0.01920839913050791
catering supplies,0.0021879103984537513,-0.012887227991627056,0.0021879103984537513,0.012887227991627056
situational leadership theory,-0.0021865609765170354,-0.014981294961122764,0.0021865609765170354,0.014981294961122764
electron microscopy,-0.002107846501170133,0.12464915165570005,0.002107846501170133,0.12464915165570005
fact checking,-0.00209090441995505,-0.004935895279121469,0.00209090441995505,0.004935895279121469
field work,-0.0020899056892207664,0.029723775326582547,0.0020899056892207664,0.029723775326582547
spiritual leadership,0.002070125260593487,-0.038578538788683066,0.002070125260593487,0.038578538788683066
team performance management,-0.0020688457434654434,-0.0062896775987953905,0.0020688457434654434,0.0062896775987953905
education strategy,-0.002064214278696881,-0.01684406813820324,0.002064214278696881,0.01684406813820324
outlook web app,0.002063921567901731,-0.005280479778113351,0.002063921567901731,0.005280479778113351
public opinion research,-0.00198658522574425,-0.005859415470086971,0.00198658522574425,0.005859415470086971
volunteer training,-0.0019864264220080296,-0.018907459812752245,0.0019864264220080296,0.018907459812752245
communication arts,-0.0019793080743001463,-0.012326002201706538,0.0019793080743001463,0.012326002201706538
opinion writing,-0.0019745134867094464,0.02229697325561249,0.0019745134867094464,0.02229697325561249
auditing standards,-0.0019660996339608107,-0.002704715288652698,0.0019660996339608107,0.002704715288652698
animal handling,0.001957236532761795,0.03542691268266718,0.001957236532761795,0.03542691268266718
hospitality service,-0.0019441530931906244,-0.006660318215474743,0.0019441530931906244,0.006660318215474743
asana,-0.001909031314387921,-0.010266521476290135,0.001909031314387921,0.010266521476290135
recruiting methods,0.0017890850203268213,-0.008148533292066617,0.0017890850203268213,0.008148533292066617
communication development,-0.0017378837086929058,-0.009036063617269385,0.0017378837086929058,0.009036063617269385
student engagement,-0.0016968393383541022,-0.01517061056749984,0.0016968393383541022,0.01517061056749984
music journalism,-0.0016578501345421279,-0.02472880761499496,0.0016578501345421279,0.02472880761499496
food service safety,-0.001657426776150532,-0.010551049797234107,0.001657426776150532,0.010551049797234107
group communication,-0.0016400771760306766,-0.013361691888167623,0.0016400771760306766,0.013361691888167623
historical research,-0.0015857749840980995,-0.004110543144844435,0.0015857749840980995,0.004110543144844435
multi color flow cytometry,0.0015652822290236255,0.07610103830821065,0.0015652822290236255,0.07610103830821065
qpcr,-0.001423987982829326,0.0628117527061005,0.001423987982829326,0.0628117527061005
agarose gel electrophoresis,0.0013339897475105158,0.07127384806920019,0.0013339897475105158,0.07127384806920019
biopharmaceutical manufacturing,0.001230980854344098,0.03415351761489412,0.001230980854344098,0.03415351761489412
communicative language teaching,-0.0012117685453508218,-0.010086592301503694,0.0012117685453508218,0.010086592301503694
nonprofit operations,0.001116549849209587,-0.08286871744548326,0.001116549849209587,0.08286871744548326
media production,-0.0011122615825341485,-0.009279267921153139,0.0011122615825341485,0.009279267921153139
chemistry teaching,-0.0010935863789508697,0.11456858738220113,0.0010935863789508697,0.11456858738220113
creative content creation,0.0010535303729896095,-0.011126922929229866,0.0010535303729896095,0.011126922929229866
social science research,0.0010153995884638815,-0.02383036977948744,0.0010153995884638815,0.02383036977948744
confocal microscopy,0.0009910428011477028,0.07789894740553174,0.0009910428011477028,0.07789894740553174
client liaison,-0.0009503693866063581,-0.01860432298773761,0.0009503693866063581,0.01860432298773761
analytical biochemistry,0.0009085854338113147,0.271990488069848,0.0009085854338113147,0.271990488069848
educational presentations,-0.0008579483653679329,-0.03844591546741657,0.0008579483653679329,0.03844591546741657
academic support services,0.0008077691328726206,-0.014086402776666382,0.0008077691328726206,0.014086402776666382
scientific writing,-0.0007863752177390353,0.11949027101732891,0.0007863752177390353,0.11949027101732891
life science,-0.0007572234303683511,0.2511558718487978,0.0007572234303683511,0.2511558718487978
english teaching,-0.0005331738035305588,-0.037233570439660336,0.0005331738035305588,0.037233570439660336
canvassing,-0.0005273579732594566,-0.009308423485734563,0.0005273579732594566,0.009308423485734563
science writing,-0.0004850993759632716,0.004184719174852885,0.0004850993759632716,0.004184719174852885
medical device development,0.0004007973168111864,0.019893704492623558,0.0004007973168111864,0.019893704492623558
animal training,-0.0003762843692429053,0.006290567067505267,0.0003762843692429053,0.006290567067505267
website building,-0.000361412895880264,0.004512240097642774,0.000361412895880264,0.004512240097642774
group work,-0.00035497790038211096,-0.00940774805359187,0.00035497790038211096,0.00940774805359187
academic writing,-0.00020548596999597768,-0.03144520501460515,0.00020548596999597768,0.03144520501460515
people skills,-0.00013463544502625334,-0.005676930402000815,0.00013463544502625334,0.005676930402000815
social communication,9.707003246019785e-05,-0.011236117980458529,9.707003246019785e-05,0.011236117980458529
biophysical chemistry,-9.10862286796793e-05,0.11764635164029763,9.10862286796793e-05,0.11764635164029763
chemical reaction engineering,-7.021815873186984e-05,0.020724848015822958,7.021815873186984e-05,0.020724848015822958
