skill,PC1,PC2,PC3,PC4,PC5,PC6,PC7,PC8,PC9,PC10
Technical Nursing Skills,0.20372707484414807,-0.02830374146101378,0.0011098830989480883,-0.0789413429524434,0.0008425746284298412,-0.03877880761074092,0.007877879894851624,-0.001749939947959102,0.0024972276148956217,-0.1893695976133087
Patient Family,0.21786562951367783,-0.027271515442649566,0.0022499648684993186,-0.08243477955414188,-0.0007220257344299735,-0.053762875348562986,0.005907886471225071,0.011642933821810362,0.003020695057990075,-0.07167290990106817
Acute Care RN,0.22094986441887454,-0.03035097565644801,0.00221306588143004,-0.08906872686570538,-0.0007360843511471813,-0.06223814635839718,0.007738681742044201,0.017727214659764262,0.001145271008457559,-0.09808281477640424
Healthcare Delivery Process,0.20439770457250372,0.0006417800805821328,0.004354873015758289,0.01412431409687065,-0.00013479005720806736,-0.03348224735190357,0.006204217768557096,-0.053340290395839915,-0.13268090770481142,-0.134767716872154
Social Statistics,0.011178512883136454,0.06202094233169664,0.007040576211839949,0.14238906737007762,0.0011967730049758556,0.007975352988589174,-0.007564686382812914,-0.03869169292379977,0.14207853690438926,-0.08476026763985334
Pediatric Intensive Care Unit,0.15008599195666472,-0.018769011232698585,0.0015723158993689035,-0.05310050206403949,-0.0005349516381881639,-0.05796150957837941,0.0059643948463683726,0.016134109319257708,-0.01716443855563637,-0.017280959494517745
Inpatient Obstetric Nursing,0.2339330822029737,-0.02832685109736817,0.0023070987971017184,-0.07521535697603088,-0.0007610947599664573,-0.04285268283887411,0.00425369779988341,0.00716521558581658,-0.0019810005012953135,-0.0491638099253221
Intensive Care Medicine,0.14282155053383028,-0.01957814315862681,0.0011372051973044806,-0.06284107866124462,-0.0003812595094138706,-0.0486293500510242,0.007414232222934948,0.008371320400863887,0.0006359629158704253,-0.12214509886787826
Critical Care Nursing,0.23112496408131267,-0.029443451809095824,0.0020712995429409964,-0.08140560617995668,0.0005660864370422014,-0.04962272121921707,0.005666138443665222,0.00830445496883446,-0.004678215802149013,-0.0739388477870784
Biomedical Science,0.009871032312864222,0.06613141327554606,0.00765317765290463,0.16296917150579723,0.0026335974526265765,-0.08288991625704718,0.00675912674361278,0.061049495682212004,0.18620890234059298,-0.13114404788730907
Training Package,0.019728583710555844,0.02946917873621834,0.0027097387322607136,0.061009400163475766,0.0013070197596885616,0.12603885412812982,-0.02015499171069952,-0.1321324944761913,0.022133696686058406,0.07377176176811084
Medical Writing,0.006813825659497882,0.07688131984646596,0.009403757341276006,0.10395934898602016,0.002352463320446918,-0.06928468600987503,0.005333598125845836,-0.01832114015379102,-0.00684701539820816,-0.09317903691673066
Healthcare Procedures,0.07141483197804957,0.001748153677964489,0.001665762934190046,0.00483063734911037,-0.0004494453720904623,0.043825210622304954,-0.010007558815846099,-0.023171243209774626,0.004843066061213342,0.1875544488570882
Public Health Interventions,0.030023718993588987,0.07716161650420637,0.01083699550141435,0.23612624567630036,0.0018565358839419677,-0.07312273091408644,0.00709886161564683,0.08980323737288465,-0.0335684915406512,-0.05209953871040811
Hospital Policy,0.22273916988978693,-0.025083665473196314,0.0015375319970879814,-0.060833826763172415,0.00013142161905416172,-0.00989106353627887,0.0020596445255685047,-0.027795267348607287,-0.012848700820849244,-0.08741501653582315
Patient Safety Standards,0.20729214982045244,-0.011072640505143519,0.003142928464059219,-0.023621782182419705,0.001614512998132242,-0.03172309614614384,0.005174878850084053,0.06561476411065975,0.05630103759170631,-0.11034139182245128
Activity Program Development,0.025112116797739687,0.009404241145617062,0.0021395247570748584,0.04996934461389493,-0.0016313889793924952,0.09875495909074941,-0.009625410533016798,-0.014247991703486033,-0.0005202270716889688,-0.0513272350789997
Basic Life Support Certification,0.23684910043093432,-0.017917438829230765,0.0032416530587816702,-0.04426931046184278,0.001389850238723999,-0.00799807691332918,-0.0011636265996115003,-0.00720931310046918,-0.002246952031510826,0.008415951286009783
Comparative Law,-0.004922560711293536,-0.02596671084765358,0.22600218293575186,-0.0016727293299155642,0.0032795003218260817,-0.018658532555891064,-0.0029291397653286866,-0.0004212393849241658,-0.0021868172580356577,0.01374384586133981
Institutional Review Board Irb,0.0148729695319537,0.035985363133377,0.0065510196055593335,0.08314335821133555,0.00040241720775359706,0.03226312103761873,-0.006115630209401424,0.01838626537221484,0.03596691528254241,0.010561944626964909
Epic EMR,0.24224222420162247,-0.02278789572743653,0.002811969912919448,-0.04700702957720064,-0.0007858305285318986,-0.01700704505116256,-0.000492213847544571,-0.022215906469436747,-0.02511065356837154,0.022878758776898756
Phases of Clinical Research,0.1854835153929,0.018888660722487672,0.0065190054936709015,-0.046622656519099595,0.005791622211162626,0.05884289031933908,-0.0070472414587982035,0.008814789976767712,0.01421113638149979,-0.04671796545364562
Sleep Medicine,0.021857631930887137,0.041580138274660464,0.0053523402814506455,0.17391556431418495,0.00385982680659435,-0.07710754894318686,0.007773172640551922,0.22283651057930998,0.2232617201354262,-0.0028772555707061408
Acute Patient Care,0.06668505489309842,0.004607032182381223,0.002733517170199762,0.007602242503798207,0.0004037449081243379,0.026536380211542452,-0.006414442562691324,-0.04588500111610749,0.0035375539190502653,0.05475712370489581
Clinical Research Associates,0.035718214631221656,0.1201892415380035,0.015198807589494595,0.29381444393138245,0.002839294895444626,-0.11639060541612063,0.01169038210797232,0.06344168113144011,-0.062261642267759404,-0.07891477819936847
Science Writing,0.0044602027014025505,0.020344620702375662,0.0015703943259709969,0.05014813441739409,-0.00016033473362988735,-0.009390582069020135,0.0017154304016264092,0.014399531925576622,0.03466961852337805,-0.024509769109640128
Highway Design,-0.002635659836725663,-0.007022571487593757,-0.005495435172652588,-0.001400854665843855,-0.006062814284412878,-0.03742465286142697,-0.40156772022539267,0.009754922528139087,-0.0071645552860780115,-0.010622706724848646
Public Health Nursing,0.10242365208370623,0.020758612147170633,0.0046904883488244715,0.027858606899752395,-0.0006134374955190106,0.10562413967869418,-0.017650301231603407,-0.043699817951015546,-0.007010686667501487,0.1657852718981882
Adaptive Clinical Trials,0.021851701612460396,0.013823485844658579,0.0011195997247927395,0.018632194098243154,-0.0007184095895844493,0.03783967099663157,-0.00555163987391362,-0.04088523148126882,-0.005202463710293925,0.05935413806581025
Cardiac Life Support Certification,0.22853723348161922,-0.02793895420645533,0.002279249939946834,-0.07356347789412086,4.2098821489005336e-05,-0.044332979642164885,0.005211273652979292,0.017017474342710753,0.01457340204339036,-0.07327447061585715
Molecular Genetics,0.0013112386845797125,0.10385285444600308,0.012899248070430804,-0.016272281237310563,0.005130978003442439,-0.04748920737572393,-0.0013920128041089953,-0.10669306706605357,0.03259144909611937,-0.0007264857442473815
Sleep Training,0.02695014124937245,0.04668692949442072,0.0061029111765847095,0.14494291273336862,-0.001279201652365919,-0.026836918689062104,0.0044920171899021175,-0.08681945763837219,-0.30394550542074933,-0.02598530971456018
School of Nursing,0.14764751792328648,-0.020375504425808648,0.0017084989754011376,-0.062464094719550084,-0.0007307115100372968,-0.05297004552386286,0.00735639355360118,0.016264885876132264,0.0022570038103367444,-0.09897610653581343
Hospital Services,0.05365490534583171,0.04579025915772246,0.006082747087413523,0.14767290276609513,0.00041082369905481235,0.00622753830931642,-0.004317233383577294,-0.06614431690587161,-0.20942124032347711,0.14287958011703056
Clinical Research Coordinator,0.030025751187123292,0.07791540496162261,0.009908558722503201,0.19438101964244206,0.0001771205371819034,-0.06672280624741479,0.007562922398547082,-0.09068678689916454,-0.3243512528365118,-0.02698310471090943
Nursing Research,0.14298750492437498,-0.012344397059089258,0.0010467805269350863,-0.019570604479901495,-0.0013610478957666256,0.049165303572906834,-0.0044110291731383885,-0.047645844850203005,0.002874671763021094,-0.06453838039381335
Clinical Trial Management,0.027159828021823002,0.09729858009295554,0.011815432206139325,0.24756312205509176,0.002719848837109244,-0.11477753932290224,0.011150732190934735,0.016432066117262716,-0.0576294925734033,-0.06788216858342672
Patient Advocacy,0.10504068978947939,-0.0014345822644053364,0.003183400605441968,-0.03063876105435212,0.001704434170328896,-0.014365546851441107,0.0014989713241329277,0.02456871253535441,0.0036281254362868732,-0.04879811135578874
Internal Medicine and Pediatrics,0.053243939328967406,0.030343385290827175,0.004542722924997139,0.10427667229606913,-0.0005889309752316894,-0.009767240757272425,-0.0009315218409494407,-0.049112854465629054,-0.16971536428620979,0.0905123102191267
Military,-0.002996291417942547,-0.0131076888779771,-0.00918235935512022,0.001349115716422987,0.4124728859996117,0.0012394882823242213,-0.007004427623418728,-0.0002209842973760144,-0.004594449819620081,-0.0031107167102696616
Clinical Leadership,0.11919112241606031,0.04389525420616214,0.008140720098520902,0.15117116429583308,0.0004886683058819279,0.07171530742531945,-0.009261381911598587,-0.032633011506917275,-0.0004400987920632667,-0.028641047988252594
Hospital Settings,0.05119770774203183,0.05078947726325424,0.006408234975194817,0.13433978859013515,0.001797562278607795,0.04087102497763674,-0.007936918749569614,0.17144580857370478,0.18239273737570014,0.11777865062243717
Patient Safety,0.11841533827351232,0.004374286424746089,0.002974819481882062,0.045643161106073006,-0.000582274281708851,0.04392666952708047,-0.012940466765546948,-0.03572310892245691,-0.04127063938087586,0.2923360096614676
HIPAA,0.15494637766449557,-0.005001402000661884,0.0025610413358579456,0.0053364349138977875,0.0007908241316992546,0.006975305749934246,-0.006401768725086436,0.02155327500945519,0.02163311039047569,0.1846695253161117
Clinical Education,0.049279930605157535,0.019126273160660828,0.0025838739091927567,0.07250826071999024,0.0009486974529972186,0.05205683096511365,-0.011661066266789095,-0.07220221811870305,-0.08892722817969125,0.1930271642955276
Clinical Practice,0.02179689799234072,0.04487463842425698,0.006093375348786046,0.08597800178364538,0.000800416442343219,0.01641820328728681,-0.00485142523172468,0.000806511871123317,0.006057864002899773,0.03178096225914338
Neuro ICU,0.12913946240662097,-0.02083139060342183,0.0008536297185583209,-0.06924894030643686,-0.0006667968530367954,-0.06991680403063877,0.010299674909009284,0.024138868069677185,-0.005942486732746087,-0.12567096517063897
Geotechnical Engineering,-0.0031352070217127294,-0.0073342525984466484,-0.006057664736472997,-0.0018802559908097382,-0.0065713191699659605,-0.03789238761643362,-0.4093887310302003,0.011098274343626887,-0.00767961132218645,-0.011536145931678716
Water Engineering,-0.0028410356859678494,-0.006144016306570318,-0.004839130097704395,-0.0019223049302738934,-0.004657984978474372,-0.022467146214038756,-0.21217626772435497,0.004175059967834301,-0.0027772691427963517,-0.005038303428863712
Opinion Writing,-0.002552774165924882,0.032142205876249004,0.008402925051010828,-0.02541807719766434,0.00022501145207130496,0.04895451148912571,-0.0013691690587187483,0.08566782298158271,-0.029056388027791282,-0.021231825235403484
Pharmaceutical Science,0.010620788909686677,0.07009718278170382,0.008163169774286747,0.13843849024911695,0.00020154453703300802,-0.07223070136972086,0.009047860809769976,-0.07811371613515299,-0.2558440660025208,-0.08986374535328986
Patient Communications,0.09570933929051448,0.01786448551808945,0.00430530718031967,0.05473137683107345,0.005472626676328392,0.04469478595040342,-0.007497049223478223,-0.06551129441887807,-0.06577585164045217,0.030022615950371662
Natural Science,-0.0011200592512835836,0.05194750928391424,0.005553645802614221,-0.01892156992967406,0.0001342644970446913,0.04103694574744673,-0.004107308209313384,-0.00343637804438394,-0.03918033021189033,-0.00693941650899677
Cancer Research,0.04192920885239757,0.05309949515028876,0.0056542450943083186,0.0850226229157604,0.002373646207937007,0.13492490583388642,-0.02351313516995664,-0.1475672163895446,0.027252895537588768,0.14686455997973785
Science Literacy,0.007538643762674118,0.03218724188211165,0.0030141845336242017,0.04955154440237021,0.00019440027182221159,0.09099771071306242,-0.015550799270049938,-0.12288710250239075,0.03858124202079526,0.023981667814331784
Clinical Research,0.026205419100972044,0.02152528339570264,0.002473213138122748,0.049050102183633024,-0.0005299193762941961,0.03432965271899783,-0.005448142638694483,-0.02736267676081876,0.004535925097553457,0.041041286452101894
Custom Backend,-0.002117645300986882,-0.004947408264883163,-0.003193601154690668,-0.0008967954724308628,-0.002274006713973894,-0.006252279497750707,0.003980893943256888,-0.0015549474401928235,0.00042303069497081144,0.002788093856610203
Oncology Nursing,0.041870908654364436,0.049198259849249554,0.006833241009577981,0.14727910097993868,0.002891294797256724,-0.06679347727167655,0.006297842306317119,0.006450546601382429,-0.08909022119016316,0.026306117612247677
Cellular Neuroscience,-0.00041781417175770113,0.06104953643075301,0.0071801084865770505,-0.00846271979100532,0.0022211431834360026,-0.011714534166003002,5.951596837697837e-05,0.01247544642313108,0.011461959104549588,-0.01577950683247116
Phlebotomy,0.03700814656819455,0.021304085356640055,0.0033549145271243135,0.05593701040443788,0.0004538645347039181,0.0342405525390638,-0.007418500507597025,-0.0024104322019125424,0.06699256904073365,0.04483481025522129
Biological Science,-0.00033173155682959544,0.04797650471416019,0.004945111055682704,-0.021988435980621515,0.0009235969714085599,0.0010784369091796596,-0.00014913374534358226,0.004144708749270841,0.007418555857410357,0.006924667930516054
Big 4,-0.0019637820864163917,-0.005198843584162707,-0.003561705527341905,-0.0004688582159841444,-0.0028160085856644606,-0.007652515907218034,0.006296763800663576,-0.0029287414092222285,0.0003323874456671072,0.005121135797895963
Science Communication,0.017304698181765225,0.12481940149505848,0.014803184850877857,0.1992777051042967,0.0037772083340438995,-0.10302470777691052,0.008101461134667871,-0.04288513807091567,-0.027366169393707954,-0.11708776423819595
Aviation Operations,-0.0029799421859879422,-0.012982039695572227,-0.009078905416725182,0.001343058006553152,0.4054834959987398,0.0012560589752611492,-0.006831042689509681,-0.0001637833624685588,-0.004390407418521081,-0.0031098777632723525
Vital Signs,0.0651425959686678,0.009807960900511704,0.002906177323027703,0.009893485714621293,0.0011772085797081833,0.028126922212013707,-0.006750395868449628,-0.01361621576663272,0.041914865683772784,0.03377874042567381
Medical Communications,0.0160392379707331,0.036951005409342784,0.00485388271533794,0.14312600386887636,0.0022160316302544084,-0.0454469096730292,0.00443616089675826,0.15934684440890257,0.16135566328436746,-0.02877046825057625
Medical Terminology,0.10784764461827409,0.009653077176701401,0.0032098243123107103,0.029092633943962175,0.0020662472876083124,0.044080409097648786,-0.01072989783658159,0.0007500619444424394,0.021676303300427933,0.1889292755984462
Transmission Electron Microscopy,-0.0017475691629762295,0.07862840730390054,0.010381070318624714,-0.049022502009787215,0.004331643101802463,-0.016649286055134275,-0.0024589683351525704,-0.04187562582879532,0.03417981440232093,0.004699666537194376
Healthcare Management,0.218419324430815,0.009840322823396148,0.004754222437208036,0.053019566615866466,0.0036062725148984756,0.023131673054524536,-0.005824297788186962,0.04876266704444681,0.02195628306104677,0.12558016338737377
Human Immunology,0.003915265022591033,0.06319664537395506,0.007814287626027924,0.05131987861990173,0.0031522386674441632,-0.06761552119226204,0.004612375179932454,-0.026707217742942362,0.05320914546182877,-0.039920802449493
Chemistry Teaching,-0.001936006953476221,0.08210799059225285,0.00943843333919057,-0.05130462880390304,0.0029491962174844977,0.03670247325875519,-0.004464787656999207,0.08632069671651489,-0.02476169989255118,0.0037783614736034317
Family Mediation,-0.006531704657206546,-0.03568551413148672,0.3065223271803015,-0.00017941348541168647,0.005670400406420715,-0.01202991031451614,-0.004520833196220917,-0.0024958635871474193,-0.00033260832509613054,0.009555065833880752
Construction Management Software,-0.003956054052822393,-0.010247379647822713,-0.007783247700878977,-0.002057679904389091,-0.008202267293144182,-0.047209967178966326,-0.4844708953178634,0.010880521126248273,-0.008748240285701493,-0.012398376407800123
Synthetic Chemistry,-0.001781597951464744,0.05301098556525541,0.00588266878334029,-0.029960995447260937,0.003033859490374035,-0.021454687857361987,0.0013371609791415246,-0.02640262163356452,0.026700883483215348,0.010568215778389902
Laboratory Management System,0.008430162867258546,0.028403135404015747,0.0029128629299733848,0.00862326573400686,0.0004147931979221698,0.01697201841757684,-0.0022409059835162143,0.024851207324742917,0.012120938482519255,0.024545388237325053
Fluorescence Microscopy,0.0010966583253790197,0.11737957572346425,0.014749692074734077,-0.035143517357116946,0.0059586964174001686,-0.046660376056298435,-0.005095800995892412,-0.1877666611834358,0.1172250605526278,-0.007403045077590965
Pediatric Emergency Medicine,0.0727829145577119,0.010021757445209356,0.002629373922998067,0.04472001417185535,0.0034000355449026734,0.030857240940468846,-0.009865701350968412,0.008948295755611723,0.02842015428321751,0.19215210451609516
Planetary Science,-0.0065448435946910515,0.16833484147638567,0.01948623070328696,-0.12631868889616657,0.006364068010855552,0.018524618155523958,-0.0009951974570338537,0.15279437320616893,-0.05628445516510059,0.015342584011730134
Rna Isolation,0.0014434790771192512,0.05403582746652022,0.00663938072690495,-0.0010066834465592984,0.002095677875195372,0.004980762738513918,-0.005326468735888531,-0.09031715120310081,0.07495696243231727,-0.01563745577855353
Pharmaceutical Microbiology,-0.0013347992237340066,0.06278589824499316,0.007951817901949855,-0.03774890683068543,0.0031825992460079826,-0.0215294060035832,-0.0025694453652453137,-0.06641048881514315,0.04803663999956694,0.008089046632403472
Technical Research,0.026020258961720315,0.04587999337139303,0.005953844771218168,0.09666468123189917,-0.0002906263796306555,0.0527201331406122,-0.0067225864054060325,0.056306249521037806,-0.015119789012123915,0.01354960380184511
Behavioral Healthcare,0.01373910868463583,0.02830785210248028,0.00352184175126836,0.011414202242570457,-0.001371492875882569,0.12056166434575578,-0.013105592843123758,0.050846452226167044,0.028039323848145108,0.03191670556431386
CPR Certified,0.21997822059494535,-0.014631569529651398,0.006296179683062676,-0.032522848337154575,0.0062135395264749866,-0.003943807260703371,-0.0015450321297210306,0.006131254600587315,0.017582986028283995,0.027049884976634533
Atomic Spectroscopy,-0.00028110015350486946,0.05634833783312068,0.006599972516081651,-0.043391049474513825,0.005095273469499705,-0.009086193239697664,0.0003030675335229785,0.04141342078111657,-0.009973859752927553,0.03203904890287269
Praxis EMR,0.04019171848577034,0.02033240811672729,0.0030362721974943646,0.07004084000794507,0.0012358684088753127,0.0190296074490228,-0.006424937986927948,0.11449868935581765,0.11198842667242913,0.18682110101314903
Molecular Biology,-0.004923183728234784,0.24440823619596777,0.028023493318420543,-0.14021458825919683,0.008603394385390449,0.005446238850468555,-0.002172812844649111,0.12047919710544434,-0.05190031956674687,0.02734228658977609
Clinical Research Protocols,0.05293524386233426,0.01847307021613335,0.0022174684635253047,0.029723383828651365,-0.001000389842251263,0.07198962142223132,-0.013136741138910819,-0.04942745294541295,0.021577293471188724,0.16435092952591507
Epidemiology of Cancer,0.01765909398207911,0.04606863774830913,0.005393510910541069,0.10063468422480545,-0.00034051817063752976,-0.017638195393972694,0.0010988754935748197,-0.06456670943038682,-0.1280896575462716,0.004445692387147523
Adherent Cell Culture,-0.005161536442294868,0.2365036879749224,0.02797597802793563,-0.14865340825532888,0.009449871796131272,-0.00999590086812652,-0.0019618573017187537,0.07655551666706403,-0.024549938996756122,0.03195816151883575
Direct Patient Care,0.06112555668698135,0.012029365527055524,0.008360880133745634,0.02148491374466019,0.0030723273432796965,0.016662614415531563,-0.005029023069679221,0.002902093108689218,0.015895841603464314,0.04320710788341146
Laboratory Instrumentation,-0.0017045217842514384,0.07260095017257216,0.008717531963560943,-0.03763814572460498,0.0036981798275655454,-0.03947102616152235,0.00011370690673486986,-0.07396731725936241,0.05219146318788656,0.014475027566363433
Program Evaluation,0.011349792297575502,0.01561106128443903,0.0067660889797412326,0.028999114626511186,-0.0019567553177365143,0.120090985072638,-0.011645037727113308,0.011885055338059674,-0.017535143523714738,-0.039115549061163365
Collaboration in Healthcare,0.02615645028570122,0.05117556479543533,0.006137928978055094,0.19220546637334646,0.019016495498882853,-0.08507959206467686,0.00914182508814878,0.2151286477091132,0.2352729442507769,-0.05468563462506574
Trial Practice,-0.008018886466813311,-0.04047554792106957,0.3357085008542775,-0.0011814829601367867,0.0050602652519806226,-0.012828498865811663,-0.003774556121243719,-6.575041860468082e-05,-0.002317123336346313,0.0067245850627377845
DNA Extraction,0.0024688879709606365,0.0736163704374075,0.009510695243486774,-0.022063439103821688,0.0032199016711405718,-0.0066786701215819574,-0.007591447253012349,-0.10267747272567927,0.08671699949583908,0.011686557898160942
International Arbitration,-0.004959173710921769,-0.026483345023236064,0.22843578657318675,-0.0015480365361874283,0.002747080127055492,-0.021583707683899177,-0.0028644200520346694,-0.001801764194026559,-0.002353086508443119,0.016293803657719527
Biophysical Chemistry,-0.0011698846359586366,0.08760124279294251,0.0107992401558978,-0.04990669571832542,0.005465838083374485,-0.014376824836702948,-0.0002407887193164402,0.047149621235841224,0.0003495842864942825,0.01013367154740559
Applied Science,-0.0022134954234212544,0.146225479585556,0.016417433625316835,-0.08265662570535462,0.004943800982559306,0.028715824246227237,-0.005105162619099536,0.09175808942620745,-0.046196123987511266,0.024109297892334607
Military Tactics,-0.0031256766723820246,-0.013472753650205432,-0.009470191292837216,0.0012268852000811516,0.40998103139867226,0.0023235475443112302,-0.006756691657042155,-6.38968069225219e-05,-0.004367093422552368,-0.0035887187475557103
Emr Training,0.09968242205703688,-0.0048035260381032755,2.5656363174087808e-05,0.0071041927234755916,0.006811786032933383,0.07070323747509992,-0.0079709129895008,-0.05159480624961944,0.012450595756525563,0.009260273668493572
Biochemical Genetics,-0.0034128464436245067,0.13964760410205806,0.017823562005528874,-0.08794626527544816,0.007147383845022649,-0.04179408849804799,-0.0031081355940849827,-0.10454566000652307,0.05780200673534774,0.006358839716996895
Analytical Biochemistry,0.0005460006163542103,0.2278418258494285,0.026298067195343146,-0.07743759630252102,0.008011787587991268,-0.01639711943938378,-0.001731035987625105,-0.0008644899128234936,-0.07819130447889498,0.0014591815710719392
Litigation Support,-0.0020160479458734394,-0.008822456285795952,0.04707408001474491,0.005062042899987743,-0.0023050100870983885,0.06461903453209754,-0.004077428935513126,-0.020826826298706313,0.016190108430263958,-0.053392109944400704
Healthcare Delivery,0.05594955361186381,0.015121187783051835,0.0023389329164252366,0.04860197064027654,0.00016371771269894255,0.11360747122883254,-0.01777462485675679,-0.0530831433747749,0.03173760983582303,0.16869936737265606
Electron Microscopy,-0.0021454797690745155,0.1036111502596098,0.013472327689933315,-0.07422567933182213,0.005961015041226964,-0.037384217163658875,-0.0018942293279388257,-0.04594373912147522,0.04131742653832112,0.016746027843501196
Fundamental Science,-0.0008659824082580844,0.01541180316432353,0.0005026990155462144,-2.427906208605233e-06,-0.0014249997760447408,0.036676376463411736,-0.0020932784903688645,-0.01301465574237524,-0.012050901883512927,-0.024115155837187766
Multi Color Flow Cytometry,0.002405216466681845,0.0861480441498343,0.0109696162260743,-0.02021723110384349,0.004482773716442058,-0.02978965121762411,-0.004390685652210397,-0.12481404155418005,0.11730469062155303,0.012371487146930588
Life Science,-0.001222524083409433,0.2319727739899932,0.02734590859917001,-0.11620242091164494,0.00865897345029736,-0.01093738335995439,-0.004069856699170752,-0.014501033714331988,0.0093531294830337,0.026862511972093186
Healthcare Information Technology,0.19495735899199254,-0.00352677901984002,0.0034835547826015207,0.019645445033637552,0.003840029471373025,-0.00998797896274408,-0.003571355784143099,0.04797448079596324,0.03377982430989756,0.15514713422684312
Particle Physics,-0.004259803213359932,0.06984166177762491,0.006510753707689791,-0.061787476793416285,0.003644082421485039,0.0006364782622598553,0.0023858168272677155,0.07805022578749286,-0.044948198236819614,0.02025551927920044
Global Health,0.014432211168760296,0.017308022149707673,0.00588165064836367,0.01962323616046713,-0.0010417118326516662,0.06205797431164208,-0.006927312790977574,0.008088221989925893,-0.015909700107270903,-0.001566185099866659
Science Education,-0.00013538558841519379,0.01901962118153044,0.0023377830677712794,0.0025352261216749486,-0.003135398781652963,0.11652271152607774,-0.010732295662059065,-0.03385803139747332,0.049744077076397,-0.04048309830406511
Weapons Training,-0.003324538469512484,-0.0113509702826469,-0.007538147294851352,0.0005035812557676007,0.3451775989054614,0.006384632373038572,-0.005029549243623677,0.003420324977091053,-0.002845073205377144,-0.00454692554693584
Psychological Research,0.0037785647799260915,-0.0016395317989870842,0.021895768210329368,0.025333937890991802,-0.004616272164465876,0.1828903684647147,-0.014462268145643496,-0.03635954871717259,0.03379461901023843,-0.12449440473751693
SPSS Statistics,0.0066716571588726,0.021413957039697677,0.0022182747077177547,0.018906888039178404,-0.004325106102078521,0.14450934930307352,-0.01399701400868675,-0.028738220236231467,0.01742571770550258,-0.08855464117376789
Court System,-0.006917462670106496,-0.03533203339529943,0.2874031642805437,-0.0005624547255040091,0.004700421878311254,-0.018564794605772494,-0.002789698271893422,3.311208684477045e-05,-0.0022434053391700666,0.011969758287749401
Electronic Health,0.05453733006242649,0.014252606444541887,0.0027666988074115323,0.04982338407461915,0.0006533691401508627,0.014842888458141782,-0.007212995634153078,0.03813257841799094,0.03050790355790112,0.20300408966747147
Eight Disciplines Problem Solving,0.040020733566236,0.03840189572841586,0.012788420841903264,0.06235494333306761,0.002449000509174235,0.0964725833560818,-0.009305807614980776,0.0012891730920581443,0.007553129299562549,-0.01960194449719305
Bacterial Cell Culture,0.0012980288345000813,0.05482765401873714,0.0066922250914893625,-0.009876056010698887,0.002732414318301992,-0.016247352680506415,-0.0027743452109567743,-0.07917545185239178,0.07528352944950353,0.0003172772178919064
Professional Writing,0.0002915726427974465,0.03499174090693781,0.014330528600968786,-0.01247081818655341,0.007297607182854294,0.04308338545989474,-0.0031090276650407277,0.053817349600141076,-0.02521071064326596,-0.013621696461943928
Construction Coordination,-0.0030452168738007578,-0.007832173177358105,-0.006026752438768267,-0.0016097095600862935,-0.006389028366122585,-0.03670527064151125,-0.38033344985784545,0.009113179511963844,-0.007428566785968442,-0.009678105846816077
Confocal Laser Scanning Microscopy,0.0014077682086658927,0.05656453096021141,0.0066524412541254995,-0.03273652569951421,0.0027925702491022994,-0.005281318995599939,-0.0036300033205993922,-0.08272699598725505,0.05794921999792156,0.009684876107606431
Organic Synthesis,0.00030116474582308865,0.042973015648097634,0.004324562728211845,-0.03004661567087391,0.014096474812092145,0.006260495766545215,-0.00020522368592352385,0.04358459088705394,-0.003350091444074914,0.013423534360969195
Aggression Replacement Training,0.00697694766914443,0.006508956563273232,0.006764027174402714,0.02495090613800831,-0.003546552134676846,0.17743047665578232,-0.01680764654076616,-0.026372090467792417,0.02509627485424412,-0.09874424010759957
Planning Appeals,-0.007561152863136127,-0.03920059861806032,0.3289139898848751,-0.0019709788645355907,0.005540402596810067,-0.020865597500922685,-0.0037114986418935567,0.0009612372320856678,-0.002166219171717923,0.012928995063825869
Clinical Laboratory Training,0.002765421359839821,0.1182449082765132,0.01209539336621943,-0.03984063801409717,0.002034614591368838,0.07978803325543302,-0.005987269619911744,0.1613656944843596,-0.08781810922274745,0.031059544987323547
Research Experiments,-0.0008958102405716142,0.04572914198085547,0.0038821486558665626,-0.021197872725857318,0.00017180657156423508,0.008530744445417337,2.8126093318603456e-05,0.020561213432762987,0.008434025972534903,0.01662715750044484
Social,0.04370707565254878,0.007726438819944992,0.0050333682302110975,0.048172197003960124,-0.004898569386459703,0.2855161450211808,-0.026331896000010836,-0.11160836724463938,0.053110671403970265,-0.11817117593863175
Education Program Development,0.002293804729519338,0.009332861079859877,0.0025066019519267755,0.010549405710422136,-0.0018969648753829522,0.12659702192922623,-0.008392525046113125,0.008487602205519135,0.012312069317596293,-0.04319996715667489
Molecular Cloning,0.000824280585263301,0.13284033334418993,0.01716997262570603,-0.06386362899872827,0.007343121453948219,-0.05924268040839124,-0.0056038530204188045,-0.2187618816949255,0.14686249602804588,0.005022642469981728
Litigation Practice,-0.0029632686286504306,-0.01552991345919321,0.1277400238743971,0.001327148267556137,0.004816235206036996,0.000581064042722883,-0.0019388965001792444,0.0004579040157636679,0.00014376398589862108,-0.0022834194410810537
Protocol Buffers,-0.0023985401610879835,-0.0053001683794299355,-0.003667376909580631,-0.0012043345822658072,-0.002701441052368251,-0.007845669963604293,0.00503634698769653,-0.0017865897734659418,0.00010761162849781282,0.0033842770533283476
Technology Transfer,-0.0014126442758277881,0.02257662065680875,0.0010402542852670886,-0.00709006466859184,-7.196428620232237e-05,-0.022518212059655547,0.0038175557478650115,-0.031360673915841054,0.020594653192254522,0.009622644625742709
Continuing Medical Education,0.023705679522173652,0.024266158089467197,0.0028838603510628505,0.10617421606902956,0.00207472357357399,-0.04882103496869737,0.00454110802017556,0.1499252904818417,0.1464782371754564,0.04892642753196238
Qualification in Immunohistochemistry,0.0009556644523492971,0.05190628406178547,0.006175098849778094,-0.00602643405554458,0.0025516218928547723,-0.04127836735458045,-0.00023879159861167165,-0.09451953535129928,0.09365000069304358,-9.459503917767972e-05
Public Health Education,0.009886547122048875,0.013030460139618708,0.0030264973543027212,0.01627229850428903,-0.000692266517245585,0.06220414743645572,-0.006444539351201763,0.0071655677073009525,-0.003989120267393901,-0.006251451952347029
Action Research,-0.00032568303385126506,0.07064841324352715,0.007737509816306634,-0.03486683628193962,-0.002156172538961149,0.1344089980391359,-0.00979742380257812,0.07771992411391629,-0.00416150485504573,-0.05597704748073061
Experimental Research,-0.005031627645275196,0.20648384473900933,0.026364675439351067,-0.13635746441171584,0.006714513020652172,0.044404287945144824,-0.003024851306415552,0.19918187662214693,-0.07948421408324882,0.028246148625895823
Healthcare Marketing,0.01942302022742647,0.008461732453475642,0.00013070759007866197,0.03883649747375046,-0.001353283449500689,0.03942996503419533,-0.0019502473592797659,-0.009533830605359042,0.008895316866013107,-0.05100180009559388
Technical Editing,0.002352718349530087,0.02537273373614327,0.00262797480747961,0.035605388368680616,-0.0018132323957782276,0.03651067989878051,-0.00050940725522169,-0.0021979033896050723,-0.10774133400630362,-0.03515239806309608
Government Law,-0.0022628586105194765,-0.00909694183241645,0.022000147290246727,0.002186711944940789,0.11019651203407652,0.01731055260012852,-0.0015191179187767987,-0.0002468977841595242,-0.0011709216114532532,-0.012826739728688266
Healthcare Effectiveness Data and Information Set,0.003299873974380524,0.03585193703612858,0.006186483547088877,-0.0153826826918009,0.0007766004319550864,0.018169506687616226,-0.0014196216978225543,0.03859217110945165,-0.014521345171133073,0.010652093743066249
Field Work,-0.001699558623017649,0.01850672832879938,0.002746613794646053,-0.009720951862013992,-0.0007058918794399282,0.03958312171058965,-0.012489334644610044,0.01111817912680804,0.00407700040584624,-0.02155475535521491
Officer Training,-0.0032246817995455613,-0.010768399388160996,0.05994651466505931,0.005653104222769153,0.006638257858728363,0.006185814910317148,-0.001651565523047883,0.003415201274296005,-0.0011288354945875277,-0.009542311019025574
Computational Statistics,-0.004382008280229048,0.2145935004219427,0.023487638120305375,-0.09747616759783659,0.005630164597086116,0.050200850291839016,-0.0029511951720060294,0.162221089805434,-0.15869634641814775,-0.011397030233540387
Child Cardiopulmonary Resuscitation,0.003442821656900933,0.02494742645049535,0.010284057088181902,0.01808256189963528,0.012813676132996452,0.02008979463586293,-0.021062555531398932,-0.00011450053063895475,0.029200202624393993,-0.012893945095570201
Acidbase Chemistry,-0.0016712311462279232,0.05782762445409879,0.006736547694085317,-0.03669459325179031,0.002665024066076107,-0.009708865143845134,-0.0011993089972364315,-0.010542163487778616,0.01761357168540484,0.007530792791675544
Special Events,0.006786182882585936,0.002156037934619352,0.002737241669815119,0.0352270708738635,-0.005613909872958305,0.2631604511751888,-0.019607975383354022,-0.04884724263351516,0.04606874389636332,-0.14813444158842312
Exploratory Research,-0.0013572522822854626,0.026554134727498287,0.002239848938052156,-0.007339576127565818,0.003440327723881842,0.03865195590308796,-0.0033202712881360242,-0.014300608439414384,0.0136492492601827,-0.02824566380223534
Crisis Intervention,0.010143704119577239,0.00916924634905328,0.0038555998336492515,0.006082128139908347,-0.0020497826695475094,0.09390448954159299,-0.011500980421287792,0.015648475482772376,0.0034312046866337943,-0.0596149800152206
US GAAP Reporting,-0.002109334898001273,-0.005556273328069708,-0.00381259599958593,-0.0005284753503428114,-0.003024012792658399,-0.008275333093622914,0.006780455148261537,-0.00301277803277997,0.00047242213926116755,0.005466368539975471
Plant Biotechnology,0.00645698925128571,0.18811909876674543,0.02272376703096542,0.044851594209061395,0.007952813246404873,-0.1205627161302181,0.006319199239543457,-0.10704051325498229,0.017523788493259862,-0.0467408580780014
ImageJ,0.0023189419318943344,0.047361268624592834,0.004529744556277451,-0.007670891127475595,0.011687512913315611,0.0005990743289719048,-0.011745217461198762,-0.05597768679805911,0.05075440702686728,0.01862921262788179
Medical Device Development,-0.00010672915934085056,0.0179727636225221,0.0008896730533265847,-0.0026755924658633714,-0.0006206061227590106,-0.004051194619614619,0.0017844595859884851,-0.00827831417047084,0.017185461292506886,0.005313525744714691
Malpractice Litigation,-0.0019470124402741868,-0.020961088227899168,0.15986537756494068,0.000632721284401692,0.003327571388994187,-0.011039840259878062,-0.0016473083869311472,-0.0018245164955384087,-0.0024643321702989608,0.012214491271141159
Molecular and Cellular Biology,0.003795652504010743,0.050984122725010995,0.006313850089827699,-0.007716372594409181,0.002147904272374505,-0.009478302064347084,-0.0036206784799758785,-0.08403645794075215,0.07200489662824741,0.01934718655626939
Social Science Research,0.0016905860392232817,0.012590107458684108,0.005153065635948672,0.017280926726219316,-0.0014319333883204208,0.09983546248827838,-0.008774843435433194,-0.027405136551564735,0.016210629136620792,-0.05167182664439804
Local Training,-0.00099468380836715,0.002499685082661429,-0.00044754765627853,0.0069774896968492735,-0.002594795327254354,0.08383065343105546,-0.004511366929450951,-0.004615247246689968,0.011324757779044745,-0.03966392522334369
Large Scale Distributed Systems,-0.010843212867789005,-0.02449592580852069,-0.01611541222213826,-0.004467153265575473,-0.01142122060872064,-0.031194963188290917,0.019647161303027617,-0.009481455109436964,0.0027178320468489356,0.01325460780996265
Strategic Fundraising,-0.002316972312358971,-0.004124172886368634,-0.00038492656651826617,0.002139652067742338,0.00048675353046152446,0.05133821693697247,0.0004312605359481407,0.0031861954367796014,0.006368270129113439,-0.03195171526326176
Amazon DynamoDB,-0.0036371074336261767,-0.008414214459547905,-0.005581968960536753,-0.0014493018053323547,-0.0040761827908419685,-0.011504993038764995,0.007470810239553024,-0.004133376289441894,0.0016387848130875412,0.00498866246908045
Contract Lifecycle Management,-0.003306731552305437,-0.008066504134266274,-0.005943270751275373,-0.00023553205360314638,-0.00657449343619205,-0.031247441269186625,-0.35514588751004617,0.008607802380562466,-0.004619375114288333,-0.012542004971675229
Court Dockets,-0.0033586862667829443,-0.013805123500110822,0.10584386861044676,-0.0017645335725453707,0.0027214006815045066,0.008047923866871766,-0.0006110616212916601,0.005814912671597314,-0.0016220390239797258,-0.004826441504237815
Electronic Clinical Research Information System,0.01012478397357056,0.009368811607371498,0.004103314151138942,0.0173845801750495,0.0006603059631312906,0.057945651346749866,-0.00700574936932574,-0.007322133323915948,0.02680275125362675,0.060132893521861235
Test Statistics,-0.0002698693623438913,0.012560566460513749,-0.00022465809598851258,0.004852945754406728,-0.0010018530504415997,0.002486635218351527,-0.006896445898718888,-0.027999994002144715,0.0024315539531317505,-0.01087729879350132
AWS CloudFormation,-0.0026811035677676287,-0.004302170300434615,-0.004019179030502156,-0.0018474527169790513,-0.0031036037661119923,-0.009986742896190547,0.005968246860150112,-0.009616610925541464,0.008009807042011595,0.005026829137754478
Nonprofit Operations,0.003858434248928106,0.004808610587534708,0.0013751433691060488,0.026088336267099516,0.017379154557558573,0.161081618311722,-0.014026647427731248,-0.04238158954515346,0.02571758324682413,-0.041588491590843345
Data Collection Protocols,0.013859016662379554,0.01640476263583442,0.014050583139098878,0.04921010649969333,-0.0005931614284222712,0.048655529608639315,-0.008899434597511626,0.012585799343279186,0.06743469600059075,-0.016342030205267026
Epic Systems,0.0706227659895931,0.017041865398215974,0.003312644634671539,0.03507194273633738,0.000847215228099537,0.051588743218471664,-0.009047047684773,0.0008359960252329436,0.008963705134752151,0.09069941302655293
Clinical Trial Planning,0.008239805168986324,0.05341688016859296,0.006222143796571054,0.01718948389296134,0.00140472242503541,-0.011783426596114687,0.0004304881675801154,0.016570786595396396,0.0027375295672877353,0.019607061984477467
Project Estimation,-0.0024786865452743707,-0.006387387552118595,-0.004761257049844212,-0.0012848131592780258,-0.004950987356878439,-0.026232956872072978,-0.267532796461913,0.005364622752285605,-0.0046484945285171836,-0.00697534106288314
Bioinformatics Databases,-0.0013144465404761867,0.09196003068501149,0.011593834677001365,-0.05103136476812248,0.0046164376572710355,-0.029790248841246883,-0.0021851450799123605,-0.07112007742694738,0.04665299966051386,0.010848217121645609
Clinical Trial Management System,0.006345901648428529,0.03165933559647246,0.0035097924172007144,0.07136574405577134,0.00031232172583181697,-0.035310686442079096,0.005614781945682297,0.03167487649221811,0.016858473650987922,-0.03195574922888306
Communication Theory,-0.0026113308285233487,0.045045233340301784,0.009446809049319427,-0.02788245825336956,-0.0001855593039490245,0.04290111704225902,-0.0017144286196606293,0.06590136197807434,-0.03335591667123794,-0.011388553978927055
Collaborative Research,-0.0004381604684460951,0.04583368137205633,0.003948378186540887,-0.001122200261570534,-0.0018777566456959778,0.05955896858673749,-0.007208355189631326,-0.003238685333629619,-0.02192901124437821,-0.02522845227462658
Cell Biology Techniques,0.0022412540223726786,0.0803386963923692,0.008887795377468139,-0.03279694349698692,0.0025109361242736457,0.008754360343606576,-0.0028252049458373004,-0.06562929646575728,0.02036231898887869,0.0074192946083261385
Academic Writing,0.0016817344524979174,0.02103084416901195,0.01571867960434406,0.02038968317647285,0.01020264553971622,0.12034268559934777,-0.012528274092144697,-0.05057085477074246,0.03602911083105374,-0.053874706003983294
Public Health Policy Analysis,0.0026548193600174994,0.010503633656316833,0.003619723524488247,0.014216115098721723,0.0023360895988222973,0.04545380877299071,-0.0024547622106731457,0.010076814446376576,-0.0017050603068645206,-0.011314049191243264
Agarose Gel Electrophoresis,0.0036775967902587586,0.07431060754061358,0.009429835800892135,-0.026739432688420616,0.003949801731572205,-0.020794234852317316,-0.004379879333130615,-0.10731596888831832,0.05992647863766781,0.03455083086216261
Food Microbiology,-0.001357658061246366,0.06645237890062018,0.00870189353445101,-0.031315928045522086,0.003526377815158464,-0.02369174450840561,-0.002668283565880915,-0.08879363311078459,0.06061232097261147,5.092110810943995e-05
Postdoctoral Research,-0.00011632698676390814,0.020693654131082255,0.0006815516755141779,-0.012110710885017879,0.0013898742918986018,0.05141896604719408,-0.003174890334604008,0.024213227530613158,-0.012786433916298516,0.004616066455137932
Communication Training,0.00040992590763352563,-0.0017158582829151134,-0.0003672651551714206,0.007495698095418016,-0.00195578832496984,0.029881623794606054,0.0012854190934717725,0.0011445210186682535,-0.0030813127895356267,-0.01210028716154179
Laboratory Practice,0.0035115775421717408,0.0456344081450112,0.004269089647350156,0.0021667900738067797,0.0012410082855767732,-0.015038689239448224,-0.00010047913849638743,-0.05834390194406299,0.03746320582892469,0.033413378124279663
Clinical Data Analysis,0.04303696843363133,0.0530776120751903,0.005495727436076612,0.1581498637832896,-0.000738164015872401,0.028202991658363222,-0.003205442889990987,0.044608335343204596,0.17214410099804867,-0.08155584512698717
Literature Reviews,0.009038293963666648,0.043835265957958364,0.008755588063602259,0.03647159999490879,-0.0014290418772212887,0.08381973080723953,-0.019559366729786573,0.05222064656835608,0.030311531163307207,-0.009797895023565891
Instructional Leadership,-0.0026514268333207515,0.10036704532859113,0.020621063713869514,-0.06598119586031215,0.000825034184828022,0.09194840315232747,-0.006097945469445565,0.19743028545365618,-0.07441581387459088,0.016498739563236844
Mental Health Counseling,0.005480225123941622,0.008900113229934146,0.0011411469066460367,0.02384222011851142,-0.0015923105878177697,0.06182089457703398,-0.005473923062907349,0.00928197993728983,0.0010434901405175312,-0.03344664609678817
Dental Sales,0.001203799273848821,0.019795941539442752,0.0015472730982515927,-0.01068821455180519,-0.00032956524302200094,0.02578025770300525,-0.0014292149352164113,0.05923579302804566,-0.005243601708064879,0.024780899387533868
Arbitration Procedures,-0.0034064856640817166,-0.015986393724018486,0.12360356361317702,-0.0005068293173413076,0.0011078192705800524,0.006404199159975271,-0.001246099567752022,-0.003138490731017591,0.0029831708254445476,-0.011018021145819274
Qualitative Research,0.0030183811003527787,0.10046917307077485,0.009560426770642875,0.022140156376040707,-0.001191087399774875,0.10842579867057628,-0.012570927679317136,0.05481774181840674,-0.06361007298041327,-0.061703441344662595
Panel Data Analysis,0.006394828145490609,0.14709000432852057,0.019447636264764253,0.021519847505108207,0.0007644750346658573,0.09936122017098022,-0.008658366572599259,-0.052849980239488975,-0.133203708227791,-0.04178364753223476
Teacher Training,-0.00010146998114220973,0.005652751903941392,0.012975450004726241,0.014039506972327448,-0.005539822537468427,0.16856486016937583,-0.016234782884533304,-0.03287271884775651,0.04067207352688316,-0.05639296647149442
Paralegal,-0.008167894725773202,-0.03619704160988166,0.309358889111375,-0.0022857913550323665,0.0023444236570704735,0.0054134457753974045,-0.003571416216027527,0.0022005142957055796,0.0006959980285999119,-0.006341655098058513
Higher Education Management,-0.002035768730572546,0.0026222420421743373,-0.0012432659633726342,0.0014786116511585244,-0.0026473602039680435,0.0726142674910777,-0.0038576468154739637,-0.003220645662526654,0.01339418042776345,-0.03586691144147102
Westlaw,-0.00871541773453817,-0.04045803627839235,0.3205744849792118,0.00038132548180383106,0.004338311052135473,0.004278258719776278,-0.003351098467352282,-0.001327142630478757,0.00232699307626874,-0.005899567200254318
Cell Biology,0.0016803138127293134,0.22053496840505055,0.025511899196498163,-0.009198453885589026,0.007521763829011961,-0.07727241136075552,0.0027001278871697496,-0.06264044955585008,0.009852380754627243,-0.04199626854893471
Social Media Content,-0.0002774212625664243,0.00017004970157046757,-0.0008139844052262107,0.007390729570801916,0.0007115324978019756,0.0754641347047185,-0.0061856498508878095,0.00835884237132942,0.010121986996521436,-0.057128248482211846
Post Doctoral Training,0.0002818521635325744,0.12043971204429557,0.013022566224331553,0.008835313560408274,0.001070735905658924,0.017723403119785184,0.0037104519921681385,0.2086868791436073,0.02160772861280771,-0.04328958498177389
Agricultural Consumer and Environmental Science,-0.0019331089119044786,0.009167235971906103,-0.0008392804652199705,-0.006109954394472548,-0.0016494362628285619,0.010690944039302649,-0.020616127075556524,0.01892851803023573,-0.010253077169318022,-0.009687871023058498
Criminal Defense Litigation,-0.004485472471021095,-0.01630911137002301,0.12564966799850266,-0.0006825876475049153,0.0009034898108436631,0.01618578417660006,-0.0006938969075484502,0.00498756914411965,-0.002678809303278651,-0.010418054416172629
Volunteer Training,4.892547530637561e-05,-0.0013328506118906046,0.00026930387066022505,0.009065212783100594,-0.0027050930118356583,0.08104962016991565,-0.003309088582693148,0.003714558679525567,0.01070282643957607,-0.05371097176098723
Scientific Writing,-0.0031180284359046077,0.13092595062680146,0.01588796511629104,-0.07655602426602572,0.0035228846581850455,0.004361643887166239,-0.0033338321391294234,-0.02450732251094342,0.02452022849199608,0.007532681340087587
Task Force Management,-0.0016478229276419287,-0.007424396324664278,-0.005192629437429172,0.0018122665921419523,0.19121550543810625,0.00895593635197605,-0.0026346176823937376,0.003252818784270604,0.0020600713793796324,-0.005117358734007112
Western Blotting,0.002206876147940868,0.2302206076327785,0.02541291205250628,-0.034008409535525905,0.007332104570659511,-0.05995977740650749,-0.00032993720168622543,-0.12391828212456893,0.05460300768874519,-0.02379441108694802
Internal Control Evaluation,-0.0025366811030725417,-0.006347531295316712,-0.004421857072812373,4.6545555010314985e-05,-0.0033879455108062587,-0.007873854823048839,0.006733718737358782,-0.0009878409866796412,0.0019240944701883376,0.004606622739652508
Electronic Medical Record System,0.05858670287668894,0.021612196801137944,0.004071090550867084,0.030969117072413403,0.0017787862920550903,0.03495206239793538,-0.006750756599819518,0.013257736843866223,0.011968439502194532,0.060664041843891715
Protein Purification,-0.00023139249882608487,0.1016395438584915,0.012782340515966587,-0.03192411497713017,0.005442526071967577,-0.050555189308574985,-0.0036319427544110085,-0.156840797160946,0.10379479564182,0.003978927126706974
Biostatistics,0.0016637900742761213,0.031526041329432763,0.0034657835694089437,0.0003222848385150519,0.00016772840565639928,0.03073207716662399,-0.004665100842402154,-0.022226950545969407,0.015534710319807507,0.004159184971721639
Small Project Management,-0.0007945290395232346,-1.0295447105425793e-05,0.0048415034154617835,0.004321025624475285,0.0020594801623037436,0.03464740668456392,-0.00156616907187086,-0.01103125781469422,0.010937155371358252,-0.012602187753390828
Data Collection Techniques,0.0013351027082813339,0.022423300406236024,0.002866195390437645,0.00016278218599458528,-0.0005807739296233246,0.04075162357842959,-0.003563758852932575,0.03241704234009614,-0.004234086749300882,-0.007514904470182559
Ethical Research,-0.0027563142046300487,-0.0020047035952007906,0.029540911117872933,-0.0009086920893293733,-0.0023279557193102334,0.0505813737890529,-0.00123974009222915,0.01057887798777112,-0.005809129908318512,-0.02402751884100693
Commercial Litigation,-0.009141965229065154,-0.04096483741977326,0.31581324055282306,-0.0007827700306295661,0.003600885266691996,0.0030018011549470614,-0.0025377895914534283,-0.0003400798637478295,0.0013593770925411607,-0.005361433554145794
Pre Litigation,-0.004940647366080015,-0.0235907143246657,0.18467085390911223,-0.000833532332872263,0.0025043193638608447,-0.014619949397525017,-0.0013762696156008989,-0.0015589028882293068,-0.0007506599202732298,0.00895797857923262
Pharmaceutical Industry,0.005806862541063966,0.05583768268064104,0.0032487637116909167,0.05155123851643578,-0.0004939910298390978,-0.05624132180244814,0.008214191700928198,-0.026096816200357618,0.023082710712308135,0.008064069171778206
Community Leadership,-0.0014371807928330327,-0.004029111362888507,0.00768931345845517,0.007680240806173684,0.00038323035175798106,0.06379961915251944,-0.0008316756385505546,0.0010175067696005385,0.011367870486338902,-0.04925271922270828
Confocal Microscopy,0.0012039284020210388,0.0673888361585468,0.008551657386797524,-0.032392843908922817,0.0036398578580830315,-0.01237688200232531,-0.004511832348997169,-0.06542082005371261,0.06144364530884643,0.011902271793264389
Bioinformatics Software,-0.0014762664065318658,0.032513375599604655,0.002904731211145591,-0.023404329831113593,0.0009168300028292839,-0.006820615966414998,9.948136992701647e-05,-0.024303249055965398,0.020030774654384666,0.012746486383875235
Counterterrorism,-0.002446224058133156,-0.009047178440285915,-0.006037542712862186,0.00040679225849963354,0.25636446356129655,0.0021727201569325043,-0.004126693280154726,-0.003243462655684264,-0.005367243687215366,-0.00321117466118392
Nuclear Magnetic Resonance Spectroscopy,0.0007815912386440889,0.04631235878018994,0.004781554860652475,-0.027828563578045012,0.013427752640406694,0.010173295084218634,-0.0013316050122195622,0.036916463911388565,-0.0002330069816083209,0.014328875670496672
Research Collaboration,0.004243182663504754,0.028239143785055133,0.002676517209506076,0.007665960432289379,0.0013295604036116927,0.04310774703299252,-0.005290502501116468,0.014908458510469184,0.0030927335067118668,0.01220087205940557
Higher Education,0.006329808788897288,0.017392455120875474,0.0004349534284466259,0.049113241485378635,-0.0030406483207776253,0.06608583729022932,-0.005320912819557175,-0.04801588840796059,-0.08795273783103932,-0.05113934000241522
Analytical Chemistry,-0.002244752025248208,0.041755145968814425,0.00338288429803618,-0.0247964334771474,0.0016995537678555351,-0.01986765250519585,0.0027924524690937954,-0.012473188473917048,0.020243804890528332,0.017687629995585614
Curriculum Development,0.00024365898840986278,0.007109082415383831,-0.0006172790162408086,0.01229610895833167,-0.0027829167631638636,0.1266146035068005,-0.010157579968435238,-0.012492387662044758,0.004744388287505818,-0.04881442579561002
Education Policy Analysis,-0.0020000025297736293,0.00782704586826456,0.02941219592796276,0.01181492016210884,0.0006378199967108891,0.06367801989132173,-0.001522000683354534,0.023964580176587914,-0.022776303982233684,-0.04374695154751486
Protein Engineering,-0.0031346503638241554,0.05483596994842698,0.005261752972620967,-0.040999626536744146,0.0013780579714903795,0.003663804954060606,0.0013131550426039682,0.05969844375594257,-0.019003768855110886,0.01145340155609983
Scientific Communications,0.000635108471610546,0.07794216530648455,0.009315461377109589,-0.03404743613620335,0.003056984132202677,0.001937550992109164,-0.0017568591286559355,0.004741326823813523,0.010462980515762808,0.010111704624408045
Higher Education Leadership,0.00023593446153485217,0.048753132476650765,0.002187157816925797,-0.0027802934250892555,0.003522176340282911,0.19516519004874633,-0.014349104691965807,0.08251506844557246,-0.01644529523173323,-0.05490736831697519
Physics Teaching,-0.000367363101302135,0.013104212784678604,-9.248649337640296e-06,-0.006184700476804157,-0.0013197059582222613,0.04069166977100227,-0.002085327702309596,-0.0019439153966006697,-0.007570522757855356,-0.012836720625203473
Biomedical Research,0.014914870069109206,0.029633874163190688,0.0033143876269256106,0.07005221589429268,0.0005159786056010891,0.020114536574810663,-0.005089316051929951,0.012175294440368915,0.016669623154471257,0.07012403794279813
qPCR,-0.00021716190252176094,0.07735888762554481,0.010023771056483109,-0.03513179122503567,0.0046568025413683675,-0.055671591003370144,-0.001824984473644714,-0.14572584441179498,0.12207271064393743,0.006062728619548163
Preclinical Development,0.002179231638435681,0.026853371241294895,0.0026012549111803273,0.0362911372994169,-0.00011624055568504577,-0.032521406536534556,0.005475088636379878,-0.007378769475704099,0.004632873114352584,-0.018611512021173636
Communication Development,0.00018475727943913318,0.004537981945802128,0.003337256095462231,0.005887991142422044,-0.001796673924945071,0.07449911104268633,-0.005099798040229715,-0.002915984355187378,0.013235681174531765,-0.028845400472998373
Providing Legal Advice,-0.004788876450120153,-0.02433768424602959,0.2077347426429442,-0.0006699339629981782,0.002474687688406009,-0.014557125630192149,-0.0025651146092627035,-0.00020302679046833375,-0.002211460783483053,0.009957029496092831
Educational Presentations,-0.0009026144964943538,0.00040335962457810603,0.011294493005876323,0.007038986329027081,-0.001831664884266202,0.06930405443149679,-0.0044580096378816995,-0.002311936693998803,0.011552601346882603,-0.03589498386618149
International Criminal Law,-0.0031472543946741574,-0.00998095133411487,0.10763487176532975,-0.002453717274569232,0.0011217475499119417,0.010872238688542061,-0.0013584028788772662,0.005976087416040842,-0.0020868893004686376,-0.009017656532557282
Motivational Interviewing,0.006512299108626757,0.010284979702913808,0.02032018133259288,0.007290172632882854,-0.00022133178142531753,0.08585264577844762,-0.00989664186381064,0.02112421613489834,0.004945995907394877,-0.028108613548454314
Nonprofit Strategies,0.009476141876560455,-0.0036497417819088937,0.007285903851966771,0.01534430004289133,-0.00316467708393026,0.1270355671581415,-0.00930484706958234,-0.02753606925936812,0.015587945256433127,-0.08376753985964698
Nonprofit Financial Management,0.0022424152517768483,0.001307252954736114,0.034671337816294875,0.04711647281620294,0.0035992338616477617,0.04355716288777939,-0.0010696594075240821,0.014297302629086144,-0.029788920099055014,-0.03940225924198923
Mammalian Cell Culture,0.006364527907058057,0.10496737349650602,0.009743152040641809,0.11460891240645235,-0.0003297824041084957,-0.05525275483621252,0.003826212958828913,-0.10785990776319153,0.019720955522062468,-0.09815644308634248
Force Protection,-0.0009208504638967517,-0.012429733763121216,-0.008820299371077044,0.0004741350785005978,0.35825470680267113,0.0009539391085703659,-0.005823867794313118,-0.002578697912799741,-0.004936249473434312,0.0026435567841591543
Scientific Presentation,0.003255715054172172,0.057188479411036997,0.0076710362763668565,-0.007423138830932337,0.0031845297973329017,0.02124134097142408,-0.0037378945608622432,0.020608714398932304,0.042664322139880764,0.013353763100279435
Cultural Research,-0.0008592150029625898,-0.0002042362239647312,0.0012015011305567388,0.007087558871506293,-0.0032878553906739816,0.08238230315562034,-0.00392584656541946,-0.000734654115358181,0.014921348178008973,-0.0534074270257123
Behavioral Science,0.005345350993123013,0.014445217469753344,0.002108998141367496,0.033072204695293005,-0.002795735065940868,0.12236960471445822,-0.012325503637496796,-0.035483798318457875,0.024821836281015055,-0.05762328288035829
Publications,0.002309046458258923,0.01909523341776001,0.002062681055514309,0.01185097868568133,-0.001168718155949801,0.03347259400685777,-0.001723389599083087,0.0021667182596635795,-0.02466738064649905,-0.020295077776898145
Environmental Science,-0.0023550916884604793,-0.004285680244804533,0.003626666007584963,-0.00048178579302017853,-0.0019539545733381824,-0.0008521990170128745,-0.030029472340782404,0.00288720094734342,0.0022749038865973914,-0.004709017322287172
Nanotechnology,-0.002405471053416961,0.03862731101285973,0.0033143529830707385,-0.03488855956569718,0.0014278363179347465,-0.003364392335281419,0.0018563649066660527,0.045255432748238046,-0.023039934123883686,0.018459957088302652
National Security,-0.001758281257176838,-0.013003047380136456,-0.005703226885478034,0.0020196622552342103,0.3623605459886972,0.0013467610471062075,-0.005790162123374405,-0.0050566505084567465,-0.007624194739625343,0.0023033435692998163
Bluebeam Revu,-0.002318313537321961,-0.0057406758185637955,-0.004279648129260335,-0.0009868462086391288,-0.004086098659828874,-0.019007546053307855,-0.1861022527160621,0.0027572525300819323,-0.003448970403142859,-0.0047730995776643055
Randomized Clinical Trials,0.0014171966304841674,0.001711303881223963,0.030020150681012422,0.010169666201311833,0.0006157941285143239,0.02225848443520512,-0.0014770185398244981,-0.007494940967472753,0.01467872271737522,0.00034115279762397414
Mental Health First Aid,0.008309179600277107,0.022295442775308552,0.004433028567505859,0.011067397183555254,0.0006277537436392788,0.07226759959606838,-0.011628297338947222,-0.031176640706695995,0.023708405976284052,0.014690654818816153
