skill,users,target_users,non_target_users,log_odds_target,abs_log_odds
Technical Nursing Skills,153,0,153,-6.143105171285356,6.143105171285356
Patient Family,145,0,145,-6.089580690869652,6.089580690869652
Acute Care RN,142,0,142,-6.06874660396681,6.06874660396681
Healthcare Delivery Process,267,1,266,-5.596166559195895,5.596166559195895
Social Statistics,86,0,86,-5.569549018195938,5.569549018195938
Pediatric Intensive Care Unit,63,0,63,-5.26044451015675,5.26044451015675
Inpatient Obstetric Nursing,182,1,181,-5.2120479692949,5.2120479692949
Intensive Care Medicine,58,0,58,-5.178431358495915,5.178431358495915
Critical Care Nursing,172,1,171,-5.15537558219599,5.15537558219599
Biomedical Science,56,0,56,-5.1436452424105,5.1436452424105
Training Package,53,0,53,-5.089086258160066,5.089086258160066
Medical Writing,49,0,49,-5.011377273832749,5.011377273832749
Healthcare Procedures,48,0,48,-4.990968402201542,4.990968402201542
Public Health Interventions,136,1,135,-4.919763955909751,4.919763955909751
Hospital Policy,224,2,222,-4.9048937934303005,4.9048937934303005
Patient Safety Standards,217,2,215,-4.872927601367808,4.872927601367808
Activity Program Development,42,0,42,-4.858908680188476,4.858908680188476
Basic Life Support Certification,270,3,267,-4.752614021538854,4.752614021538854
Comparative Law,37,0,37,-4.733745537234469,4.733745537234469
Institutional Review Board Irb,35,0,35,-4.678937300739475,4.678937300739475
Epic EMR,241,3,238,-4.637863765531188,4.637863765531188
Phases of Clinical Research,377,5,372,-4.631746369279349,4.631746369279349
Sleep Medicine,32,0,32,-4.590644693593797,4.590644693593797
Acute Patient Care,31,0,31,-4.559392150089692,4.559392150089692
Clinical Research Associates,276,4,272,-4.519818641025184,4.519818641025184
Science Writing,28,0,28,-4.459308691532709,4.459308691532709
Highway Design,27,0,27,-4.42359060893063,4.42359060893063
Public Health Nursing,138,2,136,-4.416291306449019,4.416291306449019
Adaptive Clinical Trials,26,0,26,-4.3865493372502815,4.3865493372502815
Cardiac Life Support Certification,186,3,183,-4.375709122697417,4.375709122697417
Molecular Genetics,72,1,71,-4.280489765289957,4.280489765289957
Sleep Training,68,1,67,-4.22291991346848,4.22291991346848
School of Nursing,66,1,65,-4.192842458231201,4.192842458231201
Hospital Services,107,2,105,-4.158677644740126,4.158677644740126
Clinical Research Coordinator,105,2,103,-4.139538304529428,4.139538304529428
Nursing Research,143,3,140,-4.108701943976593,4.108701943976593
Clinical Trial Management,137,3,134,-4.065058654244686,4.065058654244686
Patient Advocacy,57,1,56,-4.045032953742391,4.045032953742391
Internal Medicine and Pediatrics,57,1,56,-4.045032953742391,4.045032953742391
Military,56,1,55,-4.027175336342384,4.027175336342384
Clinical Leadership,372,10,362,-3.9579066408294112,3.9579066408294112
Hospital Settings,140,4,136,-3.8285046415468997,3.8285046415468997
Patient Safety,108,3,105,-3.822205408118913,3.822205408118913
HIPAA,139,4,135,-3.821151667241641,3.821151667241641
Clinical Education,45,1,44,-3.8062815047621896,3.8062815047621896
Clinical Practice,44,1,43,-3.7835532536846337,3.7835532536846337
Neuro ICU,43,1,42,-3.7602963915203667,3.7602963915203667
Geotechnical Engineering,42,1,41,-3.7364857428266482,3.7364857428266482
Water Engineering,40,1,39,-3.6870929874970715,3.6870929874970715
Opinion Writing,40,1,39,-3.6870929874970715,3.6870929874970715
Pharmaceutical Science,66,2,64,-3.6666319156257314,3.6666319156257314
Patient Communications,119,4,115,-3.661450556883733,3.661450556883733
Natural Science,65,2,63,-3.6510065977226507,3.6510065977226507
Cancer Research,168,6,162,-3.6351332485663606,3.6351332485663606
Science Literacy,38,1,37,-3.63513324856636,3.63513324856636
Clinical Research,38,1,37,-3.63513324856636,3.63513324856636
Custom Backend,28,28,0,3.6267938441363903,3.6267938441363903
Oncology Nursing,62,2,60,-3.602610056860801,3.602610056860801
Cellular Neuroscience,34,1,33,-3.5223377544210166,3.5223377544210166
Phlebotomy,34,1,33,-3.5223377544210166,3.5223377544210166
Biological Science,34,1,33,-3.5223377544210166,3.5223377544210166
Big 4,25,25,0,3.515568209026166,3.515568209026166
Science Communication,193,8,185,-3.4992461422493792,3.4992461422493792
Aviation Operations,56,2,54,-3.498167393493203,3.498167393493203
Vital Signs,33,1,32,-3.4920324049256877,3.4920324049256877
Medical Communications,32,1,31,-3.4607798614215826,3.4607798614215826
Medical Terminology,118,5,113,-3.4433121683811923,3.4433121683811923
Transmission Electron Microscopy,31,1,30,-3.4285189992033613,3.4285189992033613
Healthcare Management,467,22,445,-3.4019393613986497,3.4019393613986497
Human Immunology,30,1,29,-3.3951825789357697,3.3951825789357697
Chemistry Teaching,89,4,85,-3.3606964028646003,3.3606964028646003
Family Mediation,88,4,84,-3.3489315612850135,3.3489315612850135
Construction Management Software,67,3,64,-3.3301596790045185,3.3301596790045185
Synthetic Chemistry,28,1,27,-3.324978320262521,3.324978320262521
Laboratory Management System,28,1,27,-3.324978320262521,3.324978320262521
Fluorescence Microscopy,103,5,98,-3.301565879637778,3.301565879637778
Pediatric Emergency Medicine,45,2,43,-3.272727629918643,3.272727629918643
Planetary Science,357,19,338,-3.270367050480788,3.270367050480788
Rna Isolation,26,1,25,-3.249470767754376,3.249470767754376
Pharmaceutical Microbiology,26,1,25,-3.249470767754376,3.249470767754376
Technical Research,95,5,90,-3.2168591821656154,3.2168591821656154
Behavioral Healthcare,60,3,57,-3.2152794030060967,3.2152794030060967
CPR Certified,303,17,286,-3.2117950789234855,3.2117950789234855
Atomic Spectroscopy,25,1,24,-3.209465433140677,3.209465433140677
Praxis EMR,42,2,40,-3.2012686659364986,3.2012686659364986
Molecular Biology,678,39,639,-3.2006433728099815,3.2006433728099815
Clinical Research Protocols,74,4,70,-3.1677927367401084,3.1677927367401084
Epidemiology of Cancer,57,3,54,-3.16169515687199,3.16169515687199
Adherent Cell Culture,553,33,520,-3.1595018729221627,3.1595018729221627
Direct Patient Care,40,2,38,-3.1506249331177436,3.1506249331177436
Laboratory Instrumentation,40,2,38,-3.1506249331177436,3.1506249331177436
Program Evaluation,56,3,53,-3.143176109104753,3.143176109104753
Collaboration in Healthcare,70,4,66,-3.1093819745836937,3.1093819745836937
Trial Practice,133,8,125,-3.1084970187737277,3.1084970187737277
DNA Extraction,54,3,51,-3.1050762628724824,3.1050762628724824
International Arbitration,38,2,36,-3.0972789524124504,3.0972789524124504
Biophysical Chemistry,51,3,48,-3.0450582531462294,3.0450582531462294
Applied Science,255,17,238,-3.028425853097087,3.028425853097087
Military Tactics,64,4,60,-3.0148233919586813,3.0148233919586813
Emr Training,135,9,126,-3.005207933259239,3.005207933259239
Biochemical Genetics,106,7,99,-3.0015120473204417,3.0015120473204417
Analytical Biochemistry,586,41,545,-2.9922668017346328,2.9922668017346328
Litigation Support,34,2,32,-2.981206781159697,2.981206781159697
Healthcare Delivery,75,5,70,-2.9671220412779578,2.9671220412779578
Electron Microscopy,47,3,44,-2.958983644374986,2.958983644374986
Fundamental Science,32,2,30,-2.917693375437371,2.917693375437371
Multi Color Flow Cytometry,58,4,54,-2.9103807285910834,2.9103807285910834
Life Science,555,42,513,-2.9080033771364016,2.9080033771364016
Healthcare Information Technology,241,18,223,-2.9078981056675044,2.9078981056675044
Particle Physics,96,7,89,-2.8955930284367044,2.8955930284367044
Global Health,31,2,29,-2.884356955169779,2.884356955169779
Science Education,95,7,88,-2.8843569551697783,2.8843569551697783
Weapons Training,81,6,75,-2.868587903051547,2.868587903051547
Psychological Research,93,7,86,-2.8614988170937288,2.8614988170937288
SPSS Statistics,130,10,120,-2.8565319194653918,2.8565319194653918
Court System,105,8,97,-2.8560436382056906,2.8560436382056906
Electronic Health,30,2,28,-2.8498707790986098,2.8498707790986098
Eight Disciplines Problem Solving,185,15,170,-2.8141526964965307,2.8141526964965307
Bacterial Cell Culture,29,2,27,-2.8141526964965307,2.8141526964965307
Professional Writing,52,4,48,-2.793743824865323,2.793743824865323
Construction Coordination,40,3,37,-2.7878353881791567,2.7878353881791567
Confocal Laser Scanning Microscopy,28,2,26,-2.777111424816182,2.777111424816182
Organic Synthesis,28,2,26,-2.777111424816182,2.777111424816182
Aggression Replacement Training,39,3,36,-2.7608067157912375,2.7608067157912375
Planning Appeals,107,9,98,-2.7550221732697073,2.7550221732697073
Clinical Laboratory Training,391,34,357,-2.7544334617949082,2.7544334617949082
Research Experiments,61,5,56,-2.74574996961213,2.74574996961213
Social,291,26,265,-2.7207275313879764,2.7207275313879764
Education Program Development,114,10,104,-2.7140692379395475,2.7140692379395475
Molecular Cloning,102,9,93,-2.7029270613863057,2.7029270613863057
Litigation Practice,26,2,24,-2.6986398093746864,2.6986398093746864
Protocol Buffers,34,33,1,2.6898229070246975,2.6898229070246975
Technology Transfer,25,2,23,-2.656967112974118,2.656967112974118
Continuing Medical Education,25,2,23,-2.656967112974118,2.656967112974118
Qualification in Immunohistochemistry,25,2,23,-2.656967112974118,2.656967112974118
Public Health Education,25,2,23,-2.656967112974118,2.656967112974118
Action Research,262,25,237,-2.647746595008475,2.647746595008475
Experimental Research,652,64,588,-2.627169126596764,2.627169126596764
Healthcare Marketing,44,4,40,-2.613482001034379,2.613482001034379
Technical Editing,54,5,49,-2.613482001034379,2.613482001034379
Government Law,43,4,39,-2.5884806988289615,2.5884806988289615
Healthcare Effectiveness Data and Information Set,33,3,30,-2.581221138816158,2.581221138816158
Field Work,42,4,38,-2.562838268215624,2.562838268215624
Officer Training,61,6,55,-2.5608382675489567,2.5608382675489567
Computational Statistics,721,76,645,-2.5489918931523663,2.5489918931523663
Child Cardiopulmonary Resuscitation,32,3,29,-2.5478847185485662,2.5478847185485662
Acidbase Chemistry,32,3,29,-2.5478847185485662,2.5478847185485662
Special Events,233,25,208,-2.5175180127726353,2.5175180127726353
Exploratory Research,31,3,28,-2.513398542477397,2.513398542477397
Crisis Intervention,31,3,28,-2.513398542477397,2.513398542477397
US GAAP Reporting,28,27,1,2.492463472866202,2.492463472866202
Plant Biotechnology,289,32,257,-2.4860370544662587,2.4860370544662587
ImageJ,48,5,43,-2.484270269554373,2.484270269554373
Medical Device Development,30,3,27,-2.4776804598753177,2.4776804598753177
Malpractice Litigation,47,5,42,-2.461013407390106,2.461013407390106
Molecular and Cellular Biology,29,3,26,-2.440639188194969,2.440639188194969
Social Science Research,46,5,41,-2.4372027586963876,2.4372027586963876
Local Training,46,5,41,-2.4372027586963876,2.4372027586963876
Large Scale Distributed Systems,721,682,39,2.4332044314538788,2.4332044314538788
Strategic Fundraising,54,6,48,-2.4260190447400056,2.4260190447400056
Amazon DynamoDB,80,76,4,2.416955920358057,2.416955920358057
Contract Lifecycle Management,53,6,47,-2.4051849578371636,2.4051849578371636
Court Dockets,28,3,25,-2.4021729073671727,2.4021729073671727
Electronic Clinical Research Information System,28,3,25,-2.4021729073671727,2.4021729073671727
Test Statistics,28,3,25,-2.4021729073671727,2.4021729073671727
AWS CloudFormation,43,41,2,2.3931452716643378,2.3931452716643378
Nonprofit Operations,126,15,111,-2.3894419906731326,2.3894419906731326
Data Collection Protocols,52,6,46,-2.383907559389879,2.383907559389879
Epic Systems,84,10,74,-2.3756812919201957,2.3756812919201957
Clinical Trial Planning,43,5,38,-2.3621675727534734,2.3621675727534734
Project Estimation,27,3,24,-2.3621675727534734,2.3621675727534734
Bioinformatics Databases,51,6,45,-2.3621675727534734,2.3621675727534734
Clinical Trial Management System,27,3,24,-2.3621675727534734,2.3621675727534734
Communication Theory,75,9,66,-2.3621675727534726,2.3621675727534726
Collaborative Research,146,18,128,-2.3544155959491553,2.3544155959491553
Cell Biology Techniques,122,15,107,-2.352908247340676,2.352908247340676
Academic Writing,152,19,133,-2.3399444359687624,2.3399444359687624
Public Health Policy Analysis,50,6,44,-2.3399444359687624,2.3399444359687624
Agarose Gel Electrophoresis,42,5,37,-2.3358502644360994,2.3358502644360994
Food Microbiology,26,3,23,-2.320494876352905,2.320494876352905
Postdoctoral Research,49,6,43,-2.3172161848912065,2.3172161848912065
Communication Training,49,6,43,-2.3172161848912065,2.3172161848912065
Laboratory Practice,49,6,43,-2.3172161848912065,2.3172161848912065
Clinical Data Analysis,253,33,220,-2.3006096797540394,2.3006096797540394
Literature Reviews,160,21,139,-2.286269089825963,2.286269089825963
Instructional Leadership,414,55,359,-2.284588580106872,2.284588580106872
Mental Health Counseling,25,3,22,-2.277009764413166,2.277009764413166
Dental Sales,25,3,22,-2.277009764413166,2.277009764413166
Arbitration Procedures,25,3,22,-2.277009764413166,2.277009764413166
Qualitative Research,498,68,430,-2.254371002297766,2.254371002297766
Panel Data Analysis,636,87,549,-2.253627404178267,2.253627404178267
Teacher Training,246,34,212,-2.2342400880253175,2.2342400880253175
Paralegal,174,24,150,-2.231547390336409,2.231547390336409
Higher Education Management,45,6,39,-2.2207559187036443,2.2207559187036443
Westlaw,207,29,178,-2.2164557615720795,2.2164557615720795
Cell Biology,552,79,473,-2.200652314664007,2.200652314664007
Social Media Content,37,5,32,-2.192749420795427,2.192749420795427
Post Doctoral Training,552,81,471,-2.1715735055248553,2.1715735055248553
Agricultural Consumer and Environmental Science,29,4,25,-2.150858479086266,2.150858479086266
Criminal Defense Litigation,62,9,53,-2.1446472789936255,2.1446472789936255
Volunteer Training,62,9,53,-2.1446472789936255,2.1446472789936255
Scientific Writing,318,48,270,-2.1349657240412587,2.1349657240412587
Task Force Management,35,5,30,-2.1292360150731007,2.1292360150731007
Western Blotting,754,115,639,-2.127673514755209,2.127673514755209
Internal Control Evaluation,47,44,3,2.126468796978667,2.126468796978667
Electronic Medical Record System,67,10,57,-2.1166671143379867,2.1166671143379867
Protein Purification,67,10,57,-2.1166671143379867,2.1166671143379867
Biostatistics,28,4,24,-2.110853144472567,2.110853144472567
Small Project Management,28,4,24,-2.110853144472567,2.110853144472567
Data Collection Techniques,28,4,24,-2.110853144472567,2.110853144472567
Ethical Research,47,7,40,-2.1026563772683886,2.1026563772683886
Commercial Litigation,231,36,195,-2.094505542535134,2.094505542535134
Pre Litigation,53,8,45,-2.0939035861587945,2.0939035861587945
Pharmaceutical Industry,205,32,173,-2.0911949337493816,2.0911949337493816
Community Leadership,59,9,50,-2.0869389613729785,2.0869389613729785
Confocal Microscopy,27,4,23,-2.0691804480719984,2.0691804480719984
Bioinformatics Software,27,4,23,-2.0691804480719984,2.0691804480719984
Counterterrorism,27,4,23,-2.0691804480719984,2.0691804480719984
Nuclear Magnetic Resonance Spectroscopy,33,5,28,-2.0614134187343396,2.0614134187343396
Research Collaboration,33,5,28,-2.0614134187343396,2.0614134187343396
Higher Education,76,12,64,-2.057194003191631,2.057194003191631
Analytical Chemistry,45,7,38,-2.0520126444496336,2.0520126444496336
Curriculum Development,57,9,48,-2.0465294230351017,2.0465294230351017
Education Policy Analysis,118,19,99,-2.046000602293005,2.046000602293005
Protein Engineering,69,11,58,-2.0429371425667666,2.0429371425667666
Scientific Communications,75,12,63,-2.04156868528855,2.04156868528855
Higher Education Leadership,377,62,315,-2.0352495489370717,2.0352495489370717
Physics Teaching,38,6,32,-2.0256953361322605,2.0256953361322605
Biomedical Research,32,5,27,-2.0256953361322605,2.0256953361322605
qPCR,32,5,27,-2.0256953361322605,2.0256953361322605
Preclinical Development,26,4,22,-2.0256953361322596,2.0256953361322596
Communication Development,26,4,22,-2.0256953361322596,2.0256953361322596
Providing Legal Advice,44,7,37,-2.0256953361322596,2.0256953361322596
Educational Presentations,26,4,22,-2.0256953361322596,2.0256953361322596
International Criminal Law,26,4,22,-2.0256953361322596,2.0256953361322596
Motivational Interviewing,62,10,52,-2.0256953361322596,2.0256953361322596
Nonprofit Strategies,133,22,111,-2.016766705387959,2.016766705387959
Nonprofit Financial Management,180,30,150,-2.0124938242737245,2.0124938242737245
Mammalian Cell Culture,429,72,357,-2.011806223971593,2.011806223971593
Force Protection,61,10,51,-2.0064639742043724,2.0064639742043724
Scientific Presentation,61,10,51,-2.0064639742043724,2.0064639742043724
Cultural Research,49,8,41,-2.001884687438542,2.001884687438542
Behavioral Science,43,7,36,-1.9986666637443404,1.9986666637443404
Publications,43,7,36,-1.9986666637443404,1.9986666637443404
Environmental Science,37,6,31,-1.9944427926281554,1.9944427926281554
Nanotechnology,37,6,31,-1.9944427926281554,1.9944427926281554
National Security,72,12,60,-1.9931721444267003,1.9931721444267003
Bluebeam Revu,31,5,26,-1.9886540644519117,1.9886540644519117
Randomized Clinical Trials,31,5,26,-1.9886540644519117,1.9886540644519117
Mental Health First Aid,25,4,21,-1.9802329620555028,1.9802329620555028
